hospital_id,equipment_id,quantity
1,4,4
1,3,4
1,8,1
1,7,2
1,2,4
1,6,4
1,1,4
1,10,4
1,5,5
1,9,3
2,6,1
2,10,5
2,2,4
2,1,2
2,4,2
2,7,5
2,5,4
2,9,4
2,8,5
2,3,3
3,4,5
3,2,4
3,10,3
3,1,3
3,8,4
3,3,3
3,9,1
3,5,5
3,6,3
3,7,1
4,1,4
4,9,3
4,5,3
4,2,3
4,3,3
4,4,1
4,10,2
4,6,3
4,7,4
4,8,2
5,5,4
5,3,2
5,1,1
5,10,5
5,2,1
5,4,2
5,6,5
5,7,3
5,9,4
5,8,4
6,3,3
6,2,5
6,5,1
6,7,2
6,6,5
6,10,3
6,8,4
6,4,1
6,9,2
6,1,5
7,9,5
7,1,3
7,5,3
7,8,4
7,7,4
7,10,5
7,4,4
7,3,4
7,6,4
7,2,4
8,10,5
8,7,5
8,2,2
8,4,1
8,6,3
8,9,5
8,3,4
8,1,3
8,5,5
8,8,1
9,2,4
9,9,5
9,8,5
9,1,4
9,5,4
9,4,4
9,7,5
9,6,4
9,3,1
9,10,4
10,4,5
10,3,4
10,10,2
10,9,3
10,7,2
10,1,1
10,5,1
10,2,3
10,6,4
10,8,4
11,2,1
11,1,3
11,9,2
11,6,5
11,8,1
11,10,1
11,5,3
11,7,3
11,4,1
11,3,5
12,4,1
12,6,5
12,3,1
12,5,3
12,2,5
12,7,5
12,10,3
12,1,5
12,8,3
12,9,5
13,9,5
13,6,1
13,8,3
13,1,4
13,10,5
13,7,3
13,4,3
13,2,4
13,3,3
13,5,3
14,3,1
14,7,4
14,8,1
14,5,4
14,2,4
14,1,1
14,6,3
14,10,1
14,9,5
14,4,2
15,4,5
15,7,5
15,8,3
15,3,1
15,1,1
15,9,3
15,10,5
15,2,5
15,6,1
15,5,3
16,6,2
16,9,4
16,5,2
16,7,5
16,1,1
16,3,2
16,10,4
16,4,3
16,2,2
16,8,4
17,5,4
17,2,3
17,1,2
17,4,3
17,3,3
18,2,2
18,8,3
18,4,2
18,5,2
18,3,2
18,6,3
18,9,4
18,10,2
18,7,4
18,1,2
19,10,2
19,1,4
19,7,4
19,8,5
19,3,4
19,5,4
19,4,4
19,9,5
19,2,1
19,6,1
20,6,5
20,5,4
20,3,5
20,1,2
20,8,2
21,8,3
21,5,3
21,1,3
21,4,1
21,9,2
21,3,2
21,7,3
21,10,3
21,2,2
21,6,3
22,8,2
22,4,1
22,10,1
22,2,5
22,7,5
22,6,4
22,1,1
22,3,4
22,9,5
22,5,2
23,3,1
23,1,3
23,9,5
23,7,1
23,6,2
23,2,1
23,8,2
23,4,5
23,10,1
23,5,1
24,2,4
24,3,5
24,9,5
24,6,2
24,8,4
24,7,3
24,4,4
24,10,5
24,1,3
24,5,4
25,3,1
25,9,1
25,5,1
25,6,2
25,4,4
25,7,5
25,2,3
25,1,1
26,10,5
26,2,5
26,3,2
26,6,1
26,4,3
26,7,3
26,5,3
26,1,1
26,8,4
26,9,5
27,2,5
27,3,1
27,7,4
27,9,5
27,4,2
27,8,3
27,1,4
27,6,3
27,10,2
27,5,2
28,5,1
28,7,3
28,10,5
28,3,4
28,6,2
28,4,5
28,8,1
28,1,3
28,2,3
28,9,5
29,2,3
29,10,2
29,6,4
29,1,2
29,4,2
29,8,2
29,7,3
29,3,1
29,5,3
29,9,4
30,6,3
30,5,3
30,2,2
30,1,2
30,7,5
30,9,4
30,3,5
30,4,5
30,8,3
30,10,2
31,6,1
31,7,2
31,2,4
31,1,4
31,8,2
31,5,3
31,10,2
31,9,5
31,4,2
31,3,5
32,6,5
32,7,2
32,5,2
32,1,1
32,4,1
32,10,1
32,8,2
32,2,3
32,3,3
32,9,5
33,1,5
33,8,5
33,7,3
33,2,3
33,3,5
33,4,4
33,9,4
33,10,5
33,5,3
33,6,3
34,10,2
34,4,1
34,8,4
34,7,4
34,2,1
35,9,1
35,3,4
35,10,4
35,8,3
35,6,1
35,5,3
35,4,4
35,7,1
35,1,1
35,2,3
36,1,4
36,8,3
36,4,1
36,2,1
36,3,1
36,6,1
36,9,2
36,5,2
36,10,5
36,7,4
37,1,3
37,9,2
37,3,2
37,10,4
37,7,4
37,8,2
37,6,3
37,4,3
37,5,5
37,2,3
38,1,1
38,3,4
38,2,4
38,4,5
38,8,2
38,10,4
38,9,2
38,7,3
38,5,4
38,6,3
39,7,1
39,3,5
39,2,5
39,4,2
39,9,4
39,8,5
39,5,4
39,10,2
39,6,5
39,1,4
40,3,1
40,9,5
40,5,1
40,1,2
40,8,5
40,10,2
40,7,2
40,6,1
40,2,4
40,4,5
41,9,3
41,5,4
41,8,2
41,3,1
41,4,3
41,7,1
41,2,2
41,6,5
41,10,1
41,1,1
42,10,4
42,7,4
42,6,3
42,3,2
43,3,1
43,7,5
43,1,2
43,4,3
43,2,3
44,1,3
44,6,5
44,2,2
45,2,4
45,8,2
46,3,2
46,4,2
46,10,5
46,2,5
46,9,1
47,2,4
47,5,1
48,5,3
48,1,4
48,2,3
48,9,4
49,4,3
49,1,1
49,10,3
49,2,2
49,5,1
50,4,4
51,1,2
51,6,5
51,3,5
51,7,2
51,5,5
51,4,5
51,2,3
51,8,4
51,10,3
51,9,1
52,3,3
52,8,4
52,10,3
52,2,4
52,1,3
52,5,2
52,4,1
52,9,5
52,6,1
52,7,5
53,5,3
53,8,4
53,2,4
53,1,5
53,10,5
53,9,3
53,7,3
53,6,5
53,4,5
53,3,1
54,5,1
54,7,3
54,9,4
54,2,4
54,8,1
54,3,5
54,4,5
54,1,5
54,6,5
54,10,2
55,5,1
55,7,3
55,10,5
55,9,5
55,2,3
55,4,2
55,3,1
55,1,4
55,8,5
55,6,1
56,7,4
56,9,5
56,1,5
56,5,4
56,10,5
57,2,5
57,4,1
57,1,3
57,6,3
57,8,2
57,7,1
57,9,3
57,10,3
58,5,1
58,9,4
58,4,2
58,7,5
58,3,3
58,6,3
58,8,1
58,2,5
58,1,3
58,10,2
59,4,3
59,5,1
59,3,3
59,1,3
59,10,4
59,8,5
59,7,3
59,6,3
59,9,4
59,2,3
60,9,2
60,6,4
60,7,5
60,5,5
60,1,3
60,4,2
60,2,5
60,10,1
60,8,1
60,3,3
61,5,1
61,9,4
61,4,5
61,7,5
61,8,5
61,2,2
61,6,3
61,10,3
61,1,5
61,3,5
62,8,5
62,2,3
62,7,2
62,6,5
62,3,3
62,4,1
62,9,1
62,1,5
62,5,4
62,10,1
63,5,5
63,10,5
63,7,2
63,6,5
63,3,2
63,1,1
63,9,3
63,4,1
63,2,3
63,8,3
64,1,1
64,7,5
64,5,1
64,8,2
64,2,5
64,3,2
64,4,2
64,6,3
64,10,3
64,9,3
65,2,2
65,8,4
65,3,4
65,5,3
65,10,1
65,9,1
65,6,3
65,4,2
65,1,3
65,7,4
66,5,3
66,7,3
66,9,4
66,1,1
66,2,1
66,8,4
66,10,5
66,6,3
66,4,1
66,3,4
67,2,2
67,6,1
67,5,4
67,9,2
67,8,5
67,3,1
67,10,4
67,1,1
67,7,3
67,4,2
68,5,3
68,1,1
68,10,1
68,7,4
68,3,1
68,8,2
68,9,3
68,2,5
68,4,3
68,6,2
69,9,3
69,3,5
69,4,2
69,8,5
69,6,1
69,5,2
69,2,1
69,10,5
69,1,1
69,7,3
70,1,3
70,2,4
70,5,2
70,10,5
70,4,1
70,8,1
70,9,4
70,7,1
70,6,2
70,3,2
71,9,3
71,3,3
71,2,5
71,5,5
71,1,2
71,6,4
71,4,1
71,7,2
71,10,4
71,8,2
72,6,4
72,7,3
72,2,2
72,10,1
72,1,5
72,3,4
72,5,1
72,8,2
72,9,3
72,4,5
73,7,1
73,2,1
73,3,5
73,1,3
73,10,2
73,4,5
73,9,1
73,8,3
73,6,4
73,5,3
74,8,1
74,4,4
74,3,3
74,9,3
74,2,5
74,10,3
74,5,2
74,6,3
74,7,5
74,1,5
75,9,2
75,2,3
75,6,5
75,1,4
75,7,1
75,4,3
75,8,4
75,10,2
75,5,1
75,3,1
76,4,3
76,5,2
76,8,4
76,6,3
76,1,3
76,9,4
76,3,5
76,10,5
76,2,3
76,7,4
77,10,3
77,6,5
77,3,3
77,2,5
77,9,4
77,7,1
77,4,4
77,8,3
77,1,3
77,5,1
78,1,5
78,7,2
78,8,2
78,10,2
78,4,3
78,5,2
78,3,3
78,6,2
78,2,2
78,9,5
79,1,2
79,5,1
79,9,5
79,2,4
79,7,1
79,8,5
79,4,1
79,6,3
79,10,3
79,3,3
80,7,4
80,3,4
80,1,1
80,10,1
80,5,2
80,4,4
80,2,2
80,9,5
80,6,2
80,8,4
81,8,4
81,3,5
81,9,1
81,6,3
81,5,2
81,7,5
81,2,2
81,1,3
81,10,5
81,4,4
82,10,2
82,3,5
82,4,2
82,8,1
82,5,1
82,9,2
82,2,5
82,6,4
82,7,2
82,1,3
83,3,4
83,5,2
83,10,3
83,4,2
83,7,1
83,9,1
83,8,5
83,1,5
83,2,2
83,6,3
84,8,5
84,2,2
84,3,4
84,1,3
84,4,5
84,10,3
84,5,1
84,7,3
84,9,1
84,6,5
85,5,2
85,8,4
85,10,1
85,6,1
85,1,2
85,3,1
85,7,3
85,9,2
86,10,3
86,5,5
86,9,3
86,4,5
86,3,4
86,7,3
86,2,4
86,6,3
86,1,2
86,8,2
87,9,2
87,5,2
87,4,2
87,2,2
87,6,1
87,10,3
87,3,4
87,7,1
87,1,1
87,8,5
88,4,3
88,3,1
88,1,2
88,8,5
88,5,2
88,6,3
88,10,3
88,7,5
88,2,2
88,9,4
89,7,2
89,1,4
89,10,4
89,8,1
89,2,3
89,6,5
89,9,2
89,3,2
89,5,4
89,4,5
90,10,5
90,3,3
90,4,1
90,7,4
90,2,4
90,8,2
90,6,5
90,5,5
90,1,2
90,9,3
91,8,4
91,1,2
91,4,5
91,10,3
91,9,3
91,7,1
91,6,4
91,2,3
91,3,1
91,5,3
92,10,5
92,7,3
92,4,4
93,5,1
93,9,4
93,7,5
93,6,2
93,3,4
94,1,1
94,10,1
94,7,4
95,10,1
95,7,1
95,9,4
96,7,3
96,10,2
97,1,3
97,5,3
97,4,4
97,8,2
97,10,4
98,6,4
98,4,2
98,9,5
98,7,3
98,1,4
99,5,2
100,3,4
101,6,1
101,3,5
101,1,2
101,2,4
101,10,4
101,5,3
101,8,5
101,9,3
101,4,4
101,7,5
102,8,2
102,4,1
102,6,2
102,9,3
102,3,5
102,7,1
102,5,2
102,1,3
102,10,2
102,2,1
103,7,2
103,5,2
103,10,2
103,4,3
103,1,3
103,9,3
103,2,5
103,8,2
103,6,1
103,3,4
104,6,3
104,8,4
104,4,5
104,9,3
104,1,4
104,5,4
104,7,4
104,2,3
104,10,2
104,3,4
105,7,2
105,10,4
105,3,1
105,5,4
105,1,4
105,2,5
105,8,2
105,9,1
105,4,1
105,6,4
106,7,3
106,4,3
106,1,2
106,6,4
106,3,4
106,2,5
106,5,5
106,10,4
106,9,1
106,8,3
107,8,5
107,4,4
107,7,4
107,6,5
107,5,2
107,3,2
107,2,4
107,9,4
107,10,2
107,1,3
108,9,4
108,4,5
108,10,1
108,2,5
108,5,3
108,1,4
108,6,2
108,3,4
108,8,2
108,7,3
109,7,2
109,8,2
109,1,5
109,4,3
109,5,3
109,3,5
109,2,3
109,9,4
109,10,2
109,6,3
110,4,1
110,9,4
110,8,3
110,5,2
110,2,5
111,9,2
111,1,3
111,10,2
111,6,3
111,2,1
111,8,5
111,7,2
111,5,4
111,4,4
111,3,5
112,3,4
112,10,2
112,9,5
112,4,4
112,7,2
112,8,5
112,5,2
112,6,1
112,2,5
112,1,5
113,8,4
113,6,3
113,5,3
113,10,4
113,3,3
113,2,1
113,9,4
113,1,2
113,7,3
113,4,4
114,3,4
114,2,3
114,6,1
114,4,2
114,10,5
115,7,5
115,6,5
115,2,4
115,4,2
115,9,4
115,1,1
115,8,1
115,5,4
115,3,3
115,10,3
116,9,5
116,2,2
116,6,2
116,8,1
116,4,1
116,5,3
116,7,1
116,3,4
116,10,4
116,1,1
117,7,4
117,1,5
117,3,3
117,8,2
117,10,3
117,5,4
117,4,2
117,9,4
117,2,2
117,6,5
118,2,1
118,1,5
118,4,4
118,7,5
118,6,3
118,3,4
118,8,1
118,10,2
118,9,4
118,5,5
119,2,3
119,10,4
119,6,1
119,3,1
119,5,4
119,1,1
119,7,2
119,8,4
119,4,4
119,9,1
120,4,2
120,8,5
120,2,3
120,5,2
120,10,2
120,7,5
120,3,2
120,6,5
120,1,3
120,9,5
121,3,5
121,2,3
121,8,1
121,10,1
121,9,2
121,7,2
121,4,1
121,1,3
121,5,1
121,6,5
122,1,2
122,10,5
122,5,4
122,4,2
122,3,5
122,2,1
122,6,4
122,9,4
122,7,4
122,8,5
123,4,2
123,10,5
123,5,5
123,1,4
123,2,1
124,4,1
124,8,1
124,7,3
124,1,3
124,6,3
124,9,3
124,3,3
124,10,3
124,2,4
124,5,2
125,2,3
125,3,3
125,5,5
125,4,4
125,6,4
125,9,2
125,8,3
125,10,4
125,1,5
125,7,1
126,4,5
126,3,3
126,8,5
126,6,3
126,7,2
126,10,1
126,9,2
126,2,1
126,1,5
126,5,3
127,7,5
127,10,2
127,9,1
127,3,1
127,4,5
127,8,1
127,1,2
127,5,4
127,6,2
127,2,2
128,4,4
128,5,4
128,7,5
128,2,5
128,10,3
128,9,2
128,1,5
128,3,5
128,8,1
128,6,4
129,5,5
129,3,3
129,4,4
129,9,3
129,8,4
129,10,2
129,2,2
129,1,1
129,7,5
129,6,2
130,10,1
130,2,4
130,3,3
130,7,4
130,6,5
130,5,1
130,8,1
130,1,5
130,9,5
130,4,3
131,9,2
131,3,1
131,5,1
131,7,3
131,4,4
131,10,4
131,6,2
131,1,3
131,2,2
131,8,5
132,6,2
132,8,4
132,1,2
132,2,3
132,9,1
132,4,3
132,10,4
132,5,5
132,3,4
132,7,5
133,5,4
133,1,3
133,9,2
133,8,1
133,2,3
133,3,1
133,4,4
133,6,4
133,10,2
133,7,2
134,9,5
134,8,2
134,6,5
134,7,2
134,4,3
134,1,5
134,5,2
134,3,3
134,2,1
134,10,2
135,1,5
135,6,3
135,2,5
135,8,2
135,7,5
135,4,4
135,9,1
135,3,2
136,1,5
136,5,3
136,2,5
136,6,5
136,3,3
136,9,4
136,10,2
136,7,4
136,4,3
136,8,3
137,7,2
137,2,1
137,4,3
137,8,5
137,3,2
137,9,5
137,10,1
137,1,1
137,6,4
137,5,1
138,9,3
138,2,3
138,6,1
138,5,3
138,4,4
138,7,4
138,3,3
138,1,4
138,8,2
138,10,2
139,8,5
139,9,1
139,10,4
139,6,1
139,7,5
139,3,3
139,5,5
139,2,3
139,1,5
139,4,1
140,4,3
140,6,2
140,7,3
140,2,4
140,10,3
140,3,3
140,1,5
140,9,2
140,5,1
140,8,2
141,7,3
141,4,5
141,5,2
141,8,4
141,10,3
141,1,1
141,9,4
141,3,2
141,2,1
141,6,5
142,5,5
142,2,1
142,6,4
142,9,1
142,10,4
142,8,2
142,7,5
142,3,1
142,1,4
142,4,2
143,5,1
143,2,5
143,6,5
143,1,1
144,1,4
144,9,4
144,10,4
144,7,3
144,3,5
144,6,2
144,8,1
144,2,1
144,5,4
144,4,5
145,6,5
145,10,5
145,5,2
145,4,5
145,9,1
145,2,1
146,4,4
146,8,3
146,1,2
146,2,4
146,9,2
146,7,3
146,6,2
146,3,4
146,10,4
146,5,4
147,9,2
147,3,1
147,7,2
147,1,3
147,5,2
147,8,1
147,10,4
147,6,5
147,2,4
147,4,2
148,2,3
148,3,2
148,5,2
148,7,4
148,1,4
148,9,1
149,7,3
149,1,5
149,2,3
149,6,1
149,5,4
149,10,4
149,9,5
149,8,2
149,3,1
149,4,3
150,6,5
150,5,2
150,1,4
150,9,5
150,4,4
150,7,3
150,10,3
150,3,5
150,2,4
150,8,5
151,9,1
151,6,1
151,3,3
151,4,2
151,8,2
151,7,2
151,2,2
151,1,1
151,5,3
151,10,3
152,3,2
152,4,5
152,5,4
152,8,4
152,10,2
152,1,1
152,6,5
152,9,5
152,2,1
152,7,2
153,3,1
153,6,4
153,9,2
153,8,4
153,5,3
153,10,4
153,2,4
153,4,2
153,1,3
153,7,4
154,4,3
154,9,2
154,5,3
154,7,2
154,10,2
154,3,5
154,6,2
154,1,5
154,8,1
154,2,2
155,4,2
155,9,1
155,7,5
155,8,2
155,6,4
155,5,5
155,2,5
155,1,1
156,7,4
156,4,4
156,6,1
156,8,4
156,2,2
156,9,2
156,1,4
156,3,3
156,5,4
156,10,2
157,7,2
157,9,2
157,4,4
157,1,3
157,8,1
157,3,3
157,6,1
157,10,5
157,5,5
157,2,2
158,5,2
158,6,1
158,2,2
158,3,3
158,4,2
158,10,1
158,8,2
158,7,1
158,1,1
158,9,5
159,2,2
159,4,5
159,1,3
159,9,2
159,10,4
159,8,1
159,5,2
159,6,4
159,7,5
159,3,4
160,1,5
160,9,3
160,8,1
160,7,1
160,3,1
160,10,5
160,2,5
160,6,2
160,4,1
160,5,2
161,9,3
161,8,1
161,10,2
161,4,4
161,6,2
161,5,3
161,2,2
161,3,4
161,7,4
161,1,5
162,4,1
162,10,4
162,8,4
162,2,3
162,6,1
162,9,1
162,3,3
162,7,1
162,5,5
162,1,1
163,8,2
163,9,3
163,3,4
163,6,5
163,7,2
163,2,2
163,1,1
163,5,5
163,4,4
163,10,5
164,8,5
164,9,5
164,1,2
164,6,1
164,5,3
164,3,1
164,4,5
164,7,4
164,10,3
164,2,2
165,3,5
165,5,1
165,1,4
165,4,1
165,9,4
165,8,5
165,2,5
165,7,1
165,10,4
165,6,2
166,4,3
166,6,4
166,10,2
166,8,4
166,5,4
166,1,4
166,9,3
166,3,2
166,2,2
166,7,5
167,8,5
167,9,2
167,6,5
167,2,4
167,7,2
167,1,5
167,5,3
167,10,1
167,4,1
167,3,5
168,1,4
168,10,4
168,7,2
168,3,3
168,5,2
168,9,2
168,4,2
168,2,1
168,6,3
168,8,5
169,3,5
169,10,4
169,9,3
169,2,3
169,5,5
169,8,5
169,7,5
169,4,5
169,1,2
169,6,3
170,3,1
170,1,1
170,6,2
170,10,3
170,2,4
170,4,1
170,9,1
170,8,3
170,5,5
170,7,2
171,9,3
171,3,5
171,2,1
171,1,4
171,4,5
171,6,4
171,8,5
171,10,5
171,5,2
171,7,2
172,1,5
172,4,5
172,10,3
172,3,5
172,2,3
172,7,5
172,5,2
172,8,3
172,6,2
172,9,3
173,9,2
173,10,1
173,5,2
173,7,3
173,8,5
173,1,4
173,3,1
173,4,2
173,6,5
173,2,2
174,5,3
174,6,4
174,4,5
174,8,3
174,2,4
174,9,1
174,3,3
174,7,5
174,1,2
174,10,2
175,2,4
175,6,5
175,5,1
175,4,3
175,10,1
175,1,4
175,3,1
175,7,5
175,9,2
175,8,5
176,3,5
176,6,1
176,5,3
176,1,5
176,9,1
176,8,3
176,10,3
176,7,3
176,2,3
176,4,5
177,2,2
177,1,5
177,3,5
177,9,1
177,10,4
177,4,1
177,7,4
177,5,3
177,8,1
177,6,5
178,10,1
178,5,1
178,6,1
178,9,1
178,2,3
178,1,3
178,8,5
178,3,3
178,7,3
178,4,5
179,4,5
179,6,3
179,9,5
179,5,3
179,7,3
179,2,2
179,3,1
179,10,2
180,1,5
180,6,4
180,9,2
180,3,4
180,7,2
180,4,2
180,10,1
180,5,4
180,2,5
180,8,1
181,6,4
181,2,3
181,1,1
181,8,2
181,7,5
181,9,1
181,5,5
181,10,5
181,4,2
181,3,3
182,8,1
182,10,5
182,4,5
182,1,5
182,2,4
182,3,1
182,6,5
182,5,4
182,7,4
182,9,1
183,10,4
183,6,5
183,9,3
183,3,2
183,8,2
184,5,4
184,4,2
184,8,3
184,7,1
184,2,2
184,9,4
184,3,3
184,10,1
184,1,3
184,6,4
185,10,4
185,5,1
185,1,1
185,9,4
185,4,3
185,3,5
185,8,1
185,2,5
185,6,4
185,7,5
186,1,5
186,3,1
186,7,1
186,9,1
186,10,3
186,6,4
186,5,3
186,2,3
186,8,3
186,4,4
187,6,3
187,5,2
187,8,2
187,4,4
187,3,1
187,7,3
187,1,2
187,10,4
187,9,2
187,2,5
188,9,4
188,8,2
188,4,1
188,1,3
188,3,4
188,2,4
188,5,5
188,6,3
188,10,3
188,7,2
189,10,1
189,7,1
189,8,4
189,4,1
189,5,2
189,2,5
189,9,5
189,3,2
189,1,4
189,6,2
190,1,5
190,8,1
190,6,3
190,9,4
190,3,2
190,2,5
190,10,3
190,5,1
190,7,4
190,4,3
191,10,2
191,5,5
191,7,5
191,3,2
191,6,5
191,8,5
191,2,4
191,4,5
191,1,2
191,9,5
192,5,1
192,7,5
192,1,3
192,3,5
192,8,4
192,2,5
192,9,1
192,10,2
192,4,5
192,6,2
193,7,4
193,8,3
193,4,4
193,2,5
193,10,1
193,9,3
193,1,2
193,3,1
193,5,2
193,6,1
194,1,4
194,7,5
194,4,1
194,3,1
194,8,2
194,5,5
194,6,3
194,10,3
194,2,4
194,9,5
195,2,4
195,8,2
195,3,4
195,7,5
195,4,1
195,6,5
195,9,1
195,5,2
195,10,4
195,1,2
196,8,1
196,1,3
196,4,1
196,2,3
196,7,3
196,9,3
196,5,3
196,3,4
196,10,2
196,6,5
197,4,1
197,6,4
197,10,2
197,8,2
197,9,3
198,3,2
198,5,4
198,2,2
198,8,1
198,1,4
198,6,5
198,10,1
198,9,3
198,4,2
198,7,5
199,5,2
199,2,2
199,9,4
199,6,3
199,4,5
199,8,3
199,3,4
199,7,1
199,10,4
199,1,5
200,5,1
200,8,2
200,9,4
200,6,5
200,3,5
200,1,2
200,7,2
200,10,4
200,4,1
200,2,5
201,4,2
201,3,4
201,5,1
201,6,3
201,2,3
201,10,5
201,8,4
201,1,3
201,7,3
201,9,1
202,4,2
202,2,4
202,7,2
202,3,3
202,8,4
202,5,2
202,9,4
202,1,4
202,10,5
202,6,2
203,7,1
203,8,4
203,1,1
203,3,2
203,9,4
203,4,3
203,5,1
203,6,5
203,2,5
203,10,4
204,4,3
204,10,1
204,6,4
204,5,3
204,8,4
204,2,2
204,3,1
204,9,1
204,1,5
204,7,2
205,7,4
205,3,4
205,4,4
205,8,2
205,10,5
205,6,1
205,5,1
205,9,3
205,1,3
205,2,1
206,2,1
206,9,5
206,3,2
206,10,5
206,1,2
206,4,4
206,7,4
206,5,3
206,8,4
206,6,4
207,10,1
207,6,4
207,7,5
207,3,1
207,2,1
207,8,1
207,1,2
207,5,5
207,4,2
207,9,4
208,1,3
208,7,2
208,9,5
208,8,5
208,10,5
209,2,5
209,7,3
209,10,1
209,4,5
209,3,1
209,1,1
209,9,2
209,6,4
209,5,1
209,8,1
210,8,5
210,4,3
210,10,2
210,3,5
210,1,3
210,5,1
210,6,2
210,9,2
210,2,1
210,7,2
211,7,5
211,1,1
211,4,3
211,3,5
211,9,5
211,6,2
211,2,4
211,10,1
211,5,5
211,8,4
212,9,2
212,4,2
212,1,3
212,3,5
212,6,4
212,2,4
212,7,2
212,8,4
212,5,3
212,10,5
213,4,4
213,5,2
213,2,5
213,10,2
213,6,4
213,3,5
213,8,3
213,1,3
213,7,5
213,9,3
214,7,3
214,2,3
214,9,3
214,4,5
214,5,1
214,1,5
215,8,3
215,3,1
215,7,5
215,10,1
215,5,5
215,2,4
215,4,4
215,6,5
215,1,2
215,9,1
216,4,3
216,5,3
216,10,1
216,2,5
216,8,1
216,9,3
216,7,4
216,3,2
216,1,5
216,6,3
217,4,2
217,10,3
217,8,4
217,3,4
217,5,1
217,9,4
217,1,2
217,6,5
217,2,4
217,7,2
218,10,3
218,2,5
218,3,3
218,8,3
218,4,5
218,5,4
218,7,2
218,6,3
219,2,2
219,4,1
219,10,1
219,8,4
219,1,5
219,5,4
219,9,4
219,6,3
219,7,5
219,3,5
220,5,4
220,6,1
220,8,1
220,4,3
220,7,4
220,1,4
220,2,2
220,10,3
220,3,4
220,9,4
221,3,1
221,2,5
221,7,3
221,4,2
221,5,5
221,9,1
221,10,3
221,8,2
221,1,5
221,6,1
222,8,1
222,10,2
222,9,4
222,4,4
222,5,3
222,7,1
222,6,4
222,3,5
222,2,2
222,1,4
223,9,4
223,5,3
223,8,2
223,4,3
223,3,1
223,1,4
223,6,4
223,10,5
223,7,3
223,2,3
224,6,3
224,3,1
224,5,2
224,2,5
224,10,5
224,1,2
224,8,2
224,7,3
224,9,5
224,4,5
225,4,5
225,1,5
225,7,2
225,3,4
225,8,2
225,10,2
225,9,4
225,5,4
225,6,4
225,2,5
226,5,4
226,6,3
226,7,5
226,10,5
226,3,3
226,9,4
226,2,1
226,1,2
226,8,2
226,4,1
227,5,3
227,6,5
227,3,4
227,1,2
227,8,3
227,7,5
227,10,1
227,2,3
227,9,5
227,4,1
228,3,4
228,6,5
228,1,2
228,5,2
228,7,1
228,8,1
228,9,5
228,2,5
229,7,5
229,10,4
229,2,1
229,3,2
229,1,3
229,9,2
230,8,2
230,1,1
230,4,2
230,6,5
231,2,3
231,1,2
231,5,3
231,10,3
231,6,5
231,3,1
231,4,5
231,9,2
231,7,3
231,8,1
232,3,5
232,4,1
232,9,4
232,6,2
232,7,5
232,8,2
232,2,2
232,10,3
232,1,5
232,5,1
233,1,4
233,5,1
233,2,2
233,6,2
233,7,5
233,9,4
233,4,5
233,8,4
233,10,2
233,3,4
234,2,4
234,1,2
234,4,3
234,10,3
234,5,1
234,3,2
234,8,5
234,7,5
234,6,2
234,9,3
235,10,3
235,9,4
235,6,3
235,2,1
235,7,5
235,5,2
235,1,2
235,3,5
235,8,3
235,4,1
236,1,2
236,7,4
236,10,5
236,8,4
236,5,2
236,9,2
236,4,5
236,2,4
236,3,5
236,6,1
237,9,2
237,5,4
237,10,3
237,3,4
237,7,5
237,4,1
237,6,5
237,2,1
237,1,1
237,8,3
238,6,3
238,3,1
238,7,1
238,10,1
238,9,3
238,8,1
238,5,4
238,4,3
238,1,2
238,2,1
239,4,3
239,1,3
239,2,1
239,7,2
239,10,2
239,6,4
239,3,3
239,8,2
239,5,3
239,9,5
240,10,4
240,4,2
240,7,5
240,1,4
240,8,3
240,6,5
240,3,2
240,5,2
240,9,1
240,2,2
241,5,5
241,7,4
241,8,4
241,2,4
241,4,3
241,3,1
241,6,3
241,1,2
241,9,2
241,10,2
242,2,1
242,6,3
242,4,2
242,3,3
242,8,4
243,5,5
243,8,5
243,1,5
243,9,4
243,10,4
243,4,4
243,7,4
243,6,4
243,2,2
243,3,2
244,10,4
244,2,3
244,9,2
244,8,3
244,6,5
244,3,4
244,4,2
244,5,4
244,1,1
244,7,3
245,1,3
245,2,4
245,6,4
245,10,2
245,3,3
245,7,5
245,5,1
245,9,4
245,4,2
245,8,5
246,4,1
246,5,2
246,3,4
246,2,1
246,7,3
246,8,4
246,9,2
246,10,5
246,6,1
246,1,1
247,7,4
247,3,5
247,1,1
247,6,2
247,8,3
247,10,2
247,9,5
247,5,2
247,2,3
247,4,4
248,6,3
248,5,2
248,10,2
248,4,4
248,3,4
248,2,1
248,7,3
248,8,5
248,1,2
248,9,3
249,4,3
249,1,1
249,2,5
249,8,3
249,3,3
249,10,4
249,6,1
249,9,1
249,7,2
249,5,3
250,8,4
250,1,1
250,9,3
250,10,3
250,4,1
250,7,4
250,3,2
250,2,2
250,5,4
250,6,1
251,5,5
251,2,3
251,8,5
251,3,3
251,10,2
251,6,2
251,7,1
251,9,5
251,4,4
251,1,5
252,6,3
252,3,2
252,2,3
252,9,5
252,4,5
252,5,3
252,10,3
252,1,5
252,7,1
252,8,5
253,6,2
253,2,5
253,7,5
253,9,1
253,1,3
253,3,5
253,4,3
253,5,1
253,8,3
253,10,5
254,9,2
254,4,1
254,10,3
254,5,3
254,8,4
254,2,4
254,3,4
254,1,3
254,7,4
254,6,3
255,6,4
255,9,3
255,10,2
255,2,2
255,1,4
255,3,3
255,4,2
255,8,5
255,5,4
255,7,4
256,4,3
256,8,3
256,10,4
256,6,3
256,7,1
256,3,2
256,5,3
256,1,3
256,2,4
256,9,1
257,9,5
257,10,2
257,2,2
257,7,3
257,6,3
257,1,1
257,8,5
257,3,3
257,5,4
257,4,3
258,6,5
258,2,1
258,10,5
258,8,1
258,7,5
258,5,1
258,3,3
258,4,3
258,9,2
258,1,3
259,3,1
259,8,2
259,7,4
259,4,3
259,5,3
259,2,1
259,1,4
259,6,1
259,9,1
259,10,2
260,2,3
260,10,3
260,1,3
260,6,5
260,3,5
260,7,2
260,4,2
260,9,2
260,5,5
260,8,5
261,3,5
261,9,2
261,4,1
261,5,1
261,2,4
261,1,1
261,8,1
261,6,4
261,10,4
261,7,4
262,8,2
262,6,3
262,2,1
262,4,5
262,3,3
262,10,4
262,7,3
262,1,1
262,9,5
262,5,4
263,3,4
263,8,4
263,6,5
263,5,4
263,1,4
263,4,1
263,7,2
263,9,4
263,2,4
263,10,1
264,8,3
264,5,1
264,3,5
264,7,1
264,2,3
264,10,2
264,4,3
264,1,3
264,6,5
264,9,5
265,5,5
265,2,2
265,3,1
265,8,2
265,6,5
265,1,3
265,9,1
265,10,2
265,7,4
265,4,1
266,1,1
266,8,4
266,3,1
266,10,5
266,2,5
266,4,5
266,6,3
266,5,5
266,7,1
266,9,1
267,8,5
267,5,2
267,4,5
267,10,1
267,7,1
267,3,5
267,6,5
267,2,2
267,9,3
267,1,4
268,5,1
268,3,1
268,4,4
268,7,1
268,9,3
268,2,3
268,1,4
268,6,3
268,10,3
268,8,3
269,1,3
269,10,1
269,9,3
269,8,5
269,4,1
269,7,5
269,2,1
269,5,1
269,3,5
269,6,3
270,1,3
270,6,3
270,4,5
270,8,5
270,10,3
270,7,4
270,2,5
270,5,3
270,3,3
270,9,3
271,9,4
271,10,3
271,2,4
271,4,4
271,3,4
271,7,3
271,1,4
271,8,5
271,5,5
271,6,3
272,10,1
272,9,2
272,5,4
272,2,1
272,3,3
272,8,1
272,7,2
272,1,4
272,6,3
272,4,2
273,3,5
273,8,5
273,6,3
273,5,1
273,4,3
273,9,3
273,2,2
273,7,3
273,10,1
273,1,1
274,3,4
274,10,3
274,2,5
274,7,5
274,1,5
274,9,4
274,4,5
274,6,1
274,5,1
274,8,5
275,4,4
275,3,5
275,8,2
275,5,3
275,10,3
275,2,3
275,7,2
275,6,2
276,3,5
276,1,5
276,8,2
276,10,4
277,2,5
277,1,4
277,5,4
277,9,5
277,3,3
277,4,3
277,10,4
277,8,4
277,6,3
277,7,2
278,5,3
278,9,5
278,10,4
278,4,2
278,1,3
278,2,3
278,7,1
278,3,3
278,8,1
278,6,4
279,10,4
279,3,5
279,6,5
279,5,5
279,8,1
280,9,2
280,2,3
280,3,4
280,5,1
280,6,3
280,8,2
280,7,4
280,10,5
280,1,4
280,4,3
281,10,1
281,2,2
281,7,5
281,3,5
281,6,3
281,1,1
281,8,4
281,5,1
281,9,2
281,4,4
282,10,1
282,1,1
282,4,4
282,6,2
282,8,2
282,2,2
282,3,3
282,5,5
282,9,2
282,7,4
283,2,2
283,4,3
283,9,5
283,7,2
283,3,5
283,1,1
283,6,2
283,8,1
283,5,2
283,10,2
284,10,4
284,5,3
284,8,3
284,9,4
284,4,2
284,7,2
284,3,3
284,6,5
284,1,5
284,2,2
285,1,2
285,9,4
285,7,5
285,4,3
285,6,4
285,5,1
285,3,4
285,10,3
285,8,4
285,2,1
286,8,5
286,5,1
286,2,2
286,6,2
286,1,5
286,7,3
286,9,4
286,4,5
287,9,1
287,8,3
287,5,5
287,1,3
287,3,2
287,4,4
287,10,1
287,6,2
287,7,3
287,2,4
288,3,3
288,9,1
288,4,1
288,6,2
288,8,1
288,2,5
288,10,3
288,7,2
288,5,3
288,1,2
289,9,5
289,10,1
289,2,2
289,8,5
289,5,5
289,3,2
289,4,3
289,7,1
289,1,5
289,6,4
290,2,2
290,5,3
290,3,4
290,7,3
290,4,2
290,9,5
290,10,1
290,1,4
290,8,4
290,6,4
291,10,4
291,8,2
291,6,1
291,9,3
291,7,3
291,5,1
291,2,4
291,4,5
291,1,5
291,3,5
292,9,3
292,7,5
292,1,5
292,10,1
292,2,5
292,3,1
292,4,2
292,6,5
292,8,3
292,5,5
293,5,3
293,10,4
293,2,3
293,9,1
293,1,5
293,4,2
293,6,3
293,7,3
293,3,5
293,8,5
294,10,2
294,1,4
294,3,1
294,2,1
294,8,5
294,5,3
294,9,2
294,4,3
294,7,2
294,6,5
295,4,4
295,5,5
295,9,2
295,10,2
295,3,1
295,8,4
295,1,5
295,6,2
295,7,4
295,2,3
296,4,4
296,1,1
296,5,2
296,6,3
296,9,2
296,10,3
296,3,1
296,7,1
296,8,4
296,2,2
297,3,3
297,10,4
297,7,3
297,5,3
297,4,5
297,1,5
297,6,1
297,2,4
297,8,2
297,9,4
298,5,5
298,8,4
298,6,1
298,10,3
298,1,1
298,3,2
298,4,2
298,2,3
298,7,1
298,9,3
299,9,2
299,2,5
299,1,4
299,8,1
299,3,4
299,7,1
299,6,1
299,4,1
299,5,3
299,10,4
300,6,1
300,7,5
300,1,4
300,3,2
300,9,1
300,5,5
300,8,2
300,10,1
300,4,3
300,2,3
301,5,2
301,9,4
301,1,5
301,8,3
301,6,2
301,2,5
301,7,1
301,4,5
301,10,5
301,3,2
302,7,3
302,8,5
302,2,4
302,3,5
302,9,5
302,5,1
302,10,3
302,1,2
302,6,5
302,4,1
303,4,4
303,2,2
303,9,1
303,7,5
303,10,4
303,8,4
303,3,1
303,5,3
303,1,3
303,6,2
304,8,4
304,5,2
304,7,3
304,10,3
304,6,1
304,4,1
304,3,3
304,9,2
304,1,1
304,2,2
305,2,2
305,4,4
305,8,2
305,9,3
305,6,1
305,5,4
305,1,1
305,3,1
305,7,5
305,10,3
306,8,3
306,7,1
306,9,5
306,10,2
306,1,2
306,4,3
306,5,2
306,6,5
306,3,3
306,2,1
307,2,3
307,10,5
307,4,2
307,7,3
307,6,5
307,1,2
307,9,4
307,3,2
307,5,2
307,8,5
308,1,4
308,2,5
308,4,2
308,6,1
308,10,5
308,8,2
308,5,1
308,3,2
308,9,1
308,7,5
309,4,1
309,10,2
309,9,2
309,3,2
309,1,2
309,5,1
309,8,1
309,7,4
309,6,5
309,2,2
310,2,2
310,3,3
310,1,1
310,10,2
310,5,5
311,1,1
311,5,2
311,2,4
311,4,5
311,9,4
311,6,5
311,3,4
311,7,2
311,10,5
311,8,5
312,6,5
312,8,3
312,1,5
312,2,3
312,3,3
312,9,4
312,10,2
313,8,1
313,1,2
313,10,2
313,9,5
313,5,1
313,6,1
313,7,3
314,9,3
314,4,1
314,10,3
314,1,4
314,7,4
315,8,3
315,2,3
315,4,5
315,9,5
315,1,4
315,6,3
315,10,5
315,5,5
315,3,5
315,7,2
316,9,2
316,3,4
316,2,1
316,7,2
316,6,4
316,4,4
316,10,4
316,8,4
316,5,1
316,1,4
317,6,4
317,2,2
317,1,3
317,8,4
317,4,5
317,10,1
317,9,4
317,7,4
317,5,3
317,3,4
318,4,1
318,8,5
318,3,2
318,10,2
318,7,2
318,6,3
319,6,4
319,4,2
319,9,1
319,8,4
319,7,4
319,10,4
319,1,3
319,3,1
319,2,5
319,5,5
320,10,5
320,2,2
320,6,2
320,8,4
320,3,2
320,1,4
320,7,3
320,4,3
321,4,3
321,3,1
321,8,5
321,7,1
321,9,3
321,6,2
321,5,2
321,2,3
321,1,3
321,10,1
322,6,3
322,8,3
322,10,5
322,9,4
322,7,4
322,3,2
322,5,3
322,2,5
322,4,1
322,1,5
323,7,4
323,3,4
323,10,2
323,8,3
323,5,4
323,4,1
323,1,1
323,6,2
323,9,3
323,2,4
324,10,3
324,4,1
324,8,2
324,2,3
324,5,4
324,6,4
324,1,4
324,7,5
324,9,4
324,3,5
325,4,3
325,10,1
325,7,3
325,9,5
325,2,2
326,9,4
326,2,1
326,3,4
326,8,5
326,4,1
327,6,3
327,2,5
327,1,1
327,5,3
327,7,2
328,1,3
328,7,4
328,2,5
328,8,3
328,10,4
328,5,2
328,3,4
328,4,3
328,9,4
328,6,1
329,1,4
329,8,5
329,2,3
329,5,4
329,3,5
329,7,1
329,6,1
329,4,1
329,9,5
329,10,3
330,9,3
330,6,2
330,8,4
330,1,5
330,2,2
331,9,1
331,4,1
331,6,3
331,3,5
331,1,5
331,7,5
331,10,1
331,2,4
331,5,5
331,8,4
332,4,3
332,7,4
332,5,2
332,6,2
332,10,4
332,9,5
332,8,3
332,3,4
332,1,4
332,2,3
333,1,5
333,9,1
333,7,3
333,8,4
333,5,5
334,3,5
334,1,2
334,10,1
334,8,3
334,2,5
334,4,4
334,6,5
334,5,5
334,7,1
334,9,1
335,9,3
335,10,4
335,1,2
335,7,5
335,3,4
335,2,4
335,4,5
335,8,1
335,6,4
335,5,1
336,4,5
336,2,1
336,9,1
336,3,4
336,7,1
336,5,5
336,6,5
336,1,5
336,8,5
336,10,2
337,4,5
337,3,5
337,1,5
337,8,3
337,5,1
337,2,1
337,6,1
337,10,1
337,9,2
337,7,2
338,1,4
338,4,4
338,2,2
338,6,2
338,5,4
339,2,3
339,9,5
339,3,4
340,6,3
340,4,2
340,8,1
340,3,1
340,10,3
340,7,2
340,9,1
340,5,4
340,1,3
340,2,5
341,3,3
341,9,4
341,4,3
341,6,5
341,10,4
341,5,3
341,1,2
341,7,4
341,2,5
341,8,1
342,8,4
342,3,4
342,6,1
342,5,2
342,7,1
342,4,2
342,9,5
342,1,4
342,10,3
342,2,4
343,10,3
343,5,3
343,9,5
343,7,2
343,6,4
343,4,1
343,3,2
343,2,5
343,8,2
343,1,3
344,6,3
344,1,4
344,2,2
344,3,5
344,4,2
344,5,5
344,9,2
344,7,2
345,8,3
345,4,1
345,7,2
346,4,1
346,3,3
346,7,5
346,9,1
346,8,1
347,1,4
347,8,2
347,4,5
347,6,3
347,2,5
347,3,4
347,7,2
347,10,2
347,5,3
347,9,3
348,10,5
348,1,4
348,3,5
348,6,2
348,7,4
348,2,5
349,9,1
349,6,5
349,2,3
349,1,1
350,5,2
350,1,5
350,8,5
350,9,3
350,7,2
350,10,5
350,3,5
350,2,2
351,9,1
351,6,1
351,5,4
351,8,5
351,4,4
351,7,4
351,3,2
351,1,3
351,10,2
351,2,1
352,6,1
352,8,5
352,1,1
352,3,1
352,7,1
352,4,5
352,9,4
352,2,4
352,5,3
352,10,1
353,9,4
353,4,1
353,8,4
353,1,4
354,8,3
354,3,5
354,1,2
354,6,2
354,2,3
354,7,5
354,9,5
354,10,3
354,5,4
354,4,1
355,1,5
355,6,4
355,4,2
355,5,1
355,10,3
355,7,4
355,8,5
355,2,5
355,9,3
355,3,2
356,3,4
356,7,3
356,8,2
356,9,2
356,6,5
356,1,4
356,4,2
356,5,4
356,10,1
356,2,2
357,7,1
357,1,4
357,2,4
357,5,2
357,9,2
357,6,5
357,8,4
357,10,1
357,3,1
357,4,1
358,2,5
358,1,2
358,9,5
358,6,2
358,7,4
358,10,2
358,8,2
358,5,5
358,4,1
358,3,1
359,8,2
359,5,3
359,7,5
359,9,2
359,2,5
359,3,2
359,6,4
359,1,5
359,4,2
359,10,2
360,10,5
360,1,2
360,6,3
360,3,2
360,8,3
360,4,5
360,7,2
360,5,3
360,2,1
360,9,4
361,6,2
361,3,5
361,1,5
361,4,2
361,7,2
361,5,4
361,8,3
361,9,1
361,10,3
361,2,1
362,7,5
362,10,1
362,3,4
362,8,4
362,4,5
362,1,2
362,5,1
362,6,2
362,2,3
362,9,5
363,4,1
363,1,3
363,2,3
363,7,5
363,3,4
363,10,4
363,9,3
363,5,3
364,10,3
364,9,5
364,1,2
364,6,3
364,3,4
364,7,3
364,2,1
364,4,2
364,8,4
364,5,5
365,10,2
365,8,3
365,2,3
365,3,3
365,4,3
365,1,2
365,9,5
365,6,5
366,9,4
366,6,3
366,8,5
366,4,5
366,5,3
367,8,5
367,2,5
367,3,4
367,1,2
367,7,3
367,10,2
367,9,2
367,5,4
367,6,3
367,4,5
368,7,3
368,5,1
368,2,1
368,1,5
368,6,2
368,3,4
368,4,3
368,10,3
368,9,1
368,8,2
369,4,2
369,10,1
369,8,3
369,1,2
369,9,5
369,3,3
369,6,3
369,5,5
369,7,4
369,2,3
370,9,4
370,10,4
370,8,3
371,7,2
371,10,3
371,8,5
371,3,2
371,5,3
371,9,4
371,1,4
371,4,2
371,2,2
371,6,1
372,7,2
372,4,3
372,5,3
372,1,5
372,10,1
372,6,1
372,2,2
372,9,2
372,8,5
372,3,3
373,6,2
373,9,2
373,2,3
373,5,4
373,8,5
373,1,3
373,10,5
373,4,1
373,7,2
373,3,3
374,10,3
374,2,4
374,1,2
374,5,5
374,8,3
374,6,3
374,7,4
374,4,4
374,9,5
374,3,5
375,8,1
375,6,2
375,9,3
375,4,5
375,2,5
375,5,3
375,1,4
375,7,2
375,3,5
375,10,1
376,4,1
376,2,4
376,7,3
376,10,1
376,6,3
376,8,5
376,3,3
376,5,3
376,1,3
376,9,3
377,7,1
377,10,4
377,6,1
377,8,1
377,3,1
377,9,4
377,1,1
377,4,3
377,2,4
377,5,3
378,2,2
378,4,3
378,6,1
378,1,1
378,9,2
378,5,1
378,8,4
378,10,1
378,7,2
378,3,3
379,9,2
379,3,1
379,1,2
379,7,1
379,10,4
380,7,4
380,4,1
380,8,5
380,3,4
380,2,5
380,9,4
380,5,4
380,1,1
380,6,1
380,10,4
381,9,1
381,5,4
381,2,2
381,4,2
381,1,5
381,6,2
381,10,5
381,7,5
381,3,5
381,8,4
382,10,3
382,1,1
382,4,1
382,9,2
382,6,5
382,7,1
382,3,3
382,2,2
382,5,4
382,8,3
383,7,3
383,5,4
383,6,3
383,8,2
383,1,4
383,9,3
383,10,4
383,2,4
383,4,5
383,3,1
384,5,2
384,7,3
384,9,1
384,4,4
384,3,1
384,8,1
384,2,3
384,10,1
385,10,2
385,8,1
385,2,4
385,3,2
385,6,2
385,1,5
385,5,2
385,4,3
385,9,4
385,7,2
386,2,5
386,1,1
386,5,4
386,10,5
386,8,3
386,4,5
386,3,4
386,9,3
386,6,3
386,7,5
387,1,1
387,3,5
387,10,2
387,7,5
387,6,1
387,4,1
387,8,2
387,9,4
387,5,1
387,2,2
388,2,1
388,1,5
388,7,2
388,4,1
388,9,1
388,5,3
388,8,2
388,6,5
389,10,5
389,8,4
389,4,1
389,6,4
389,5,3
389,1,1
389,9,2
389,3,4
389,2,5
389,7,1
390,9,5
390,2,1
390,4,2
390,10,3
390,3,3
390,6,5
390,7,5
390,1,4
391,6,3
391,5,5
391,4,1
391,10,1
391,2,4
391,1,5
391,3,5
391,7,2
391,8,3
391,9,4
392,8,4
392,4,4
392,6,4
392,3,3
392,5,5
392,9,1
392,7,5
392,2,3
392,1,4
392,10,5
393,9,3
393,6,3
393,2,2
393,1,4
393,7,4
393,8,3
393,10,3
393,5,1
394,1,2
394,9,1
394,2,3
394,8,5
394,5,1
394,3,2
395,8,2
395,9,2
395,7,1
395,10,5
395,1,2
395,2,2
395,3,5
395,4,2
395,6,5
395,5,3
396,5,3
396,2,1
396,4,1
396,3,1
396,8,3
396,1,4
396,6,2
396,7,2
396,9,4
396,10,4
397,5,3
397,2,3
397,8,5
397,3,4
397,10,5
397,9,2
397,6,4
397,4,3
398,8,5
398,6,2
398,3,1
398,9,5
398,10,3
398,7,2
398,2,1
398,5,4
398,4,4
399,2,1
399,4,4
399,3,5
399,8,1
399,10,5
399,6,1
400,7,5
400,5,1
400,6,5
400,3,2
400,8,1
400,10,1
400,2,5
401,8,5
401,1,4
401,10,4
401,7,2
401,2,1
401,3,2
401,9,4
401,5,5
401,4,3
401,6,2
402,6,4
402,2,4
402,3,3
402,8,2
402,7,4
402,10,5
402,4,5
402,9,4
402,1,5
402,5,1
403,7,4
403,3,4
403,6,1
403,5,3
403,2,2
403,10,2
403,9,1
403,1,1
404,7,3
404,8,2
404,9,2
404,10,4
404,1,2
404,4,1
405,5,1
405,9,4
405,1,1
405,4,1
405,3,5
405,6,1
406,1,2
406,9,2
406,2,4
406,4,2
406,10,3
406,8,5
406,6,4
406,5,3
406,7,3
406,3,2
407,3,4
407,7,2
407,4,2
407,5,1
407,10,2
408,8,5
408,9,3
408,2,2
408,3,5
409,6,1
409,4,2
409,3,1
409,8,5
409,2,4
409,5,3
409,1,4
409,10,1
409,9,2
409,7,2
410,1,1
410,3,3
410,8,4
410,7,5
410,6,2
410,4,1
410,10,3
410,9,2
410,2,4
410,5,3
411,9,4
411,5,4
411,4,2
411,1,1
411,7,2
411,10,3
411,2,2
411,3,1
411,6,5
411,8,5
412,7,5
412,8,3
412,10,1
412,2,4
412,1,5
412,9,4
412,5,4
412,3,5
412,6,2
412,4,2
413,2,4
413,3,5
413,4,5
413,1,2
413,6,5
413,10,5
413,7,5
413,5,5
413,9,3
413,8,1
414,1,3
414,10,2
414,2,1
414,5,1
414,6,4
414,3,5
414,9,5
414,7,5
414,4,1
414,8,5
415,10,3
415,8,4
415,5,4
415,1,3
415,4,2
415,3,3
415,7,4
415,9,5
415,6,5
415,2,3
416,8,2
416,4,4
416,9,4
416,3,3
416,1,1
416,2,2
416,5,3
416,6,4
417,6,2
417,7,5
417,8,3
417,10,3
417,1,4
417,5,4
417,2,4
417,3,2
418,1,4
418,5,5
418,7,4
418,10,2
418,4,2
419,10,2
419,5,1
419,6,5
419,7,5
419,4,5
420,5,4
420,2,5
420,4,5
420,10,2
420,7,4
421,2,2
421,9,3
421,3,3
421,8,5
421,4,1
421,7,4
421,5,3
421,1,1
421,10,4
421,6,4
422,8,2
422,4,1
422,10,5
422,1,3
422,6,1
422,9,4
422,7,5
422,3,4
422,5,4
422,2,1
423,3,2
423,8,2
423,6,5
423,9,3
423,2,2
423,10,4
423,7,1
423,5,5
423,4,5
423,1,5
424,7,2
424,3,5
424,8,2
424,6,3
424,9,4
424,1,4
424,2,2
424,4,4
424,10,4
424,5,4
425,8,4
425,10,5
425,7,2
425,3,2
425,6,2
425,4,4
425,9,4
425,2,4
425,1,4
425,5,4
426,5,3
426,4,1
426,7,2
426,8,5
426,6,2
426,9,5
426,1,3
426,10,5
426,2,2
426,3,5
427,3,5
427,10,5
427,6,3
427,4,1
427,7,3
427,8,5
427,1,2
427,5,5
427,9,1
427,2,5
428,4,4
428,7,4
428,9,4
428,2,3
428,5,3
428,10,5
428,6,2
428,8,3
428,1,4
428,3,4
429,6,2
429,9,5
429,3,3
429,10,4
429,1,1
429,4,4
429,5,4
429,7,4
429,8,1
429,2,3
430,3,5
430,9,2
430,4,4
430,5,2
430,6,3
430,7,4
430,1,4
430,2,2
430,10,5
430,8,5
431,7,1
431,2,4
431,6,3
431,10,1
431,3,4
431,9,4
431,5,1
431,8,3
431,4,2
431,1,1
432,1,5
432,6,4
432,10,2
432,8,2
432,9,3
432,2,3
432,3,5
432,7,4
433,4,1
433,8,1
433,2,1
433,5,1
433,7,1
433,6,5
433,9,4
433,1,2
434,10,3
434,7,1
434,2,4
434,9,1
434,1,4
434,6,1
434,4,3
434,8,5
434,3,2
434,5,5
435,9,3
435,5,4
435,1,1
435,4,3
435,6,2
435,10,4
435,2,3
435,3,3
436,6,4
436,8,4
436,5,2
436,3,1
436,2,3
436,1,3
436,7,1
436,10,4
436,4,4
436,9,2
437,7,3
437,4,4
437,1,2
437,5,4
437,3,4
437,9,1
437,8,5
437,6,1
437,2,3
437,10,2
438,5,3
438,6,1
438,7,2
438,2,3
438,8,3
438,10,4
438,1,4
438,3,2
438,9,4
438,4,2
439,7,3
439,3,1
439,6,3
439,4,1
439,9,5
439,1,1
439,8,5
439,2,3
439,5,4
439,10,1
440,10,5
440,9,5
440,1,2
440,5,5
440,4,2
440,2,2
440,3,3
440,8,2
440,7,1
440,6,1
441,6,3
441,7,5
441,8,3
441,4,3
441,5,1
441,3,5
441,10,3
441,9,4
441,1,1
441,2,2
442,2,2
442,3,5
442,6,1
442,7,2
442,4,2
442,9,2
442,1,2
442,8,3
442,5,2
442,10,5
443,7,5
443,3,5
443,6,4
443,4,4
443,9,5
443,2,3
443,5,5
443,10,5
443,1,1
443,8,3
444,4,2
444,3,2
444,6,2
444,7,1
444,10,4
444,5,3
444,1,2
444,2,1
444,9,3
444,8,4
445,7,4
445,10,4
445,2,1
445,4,2
445,8,3
445,6,1
445,9,2
445,5,4
446,1,1
446,8,1
446,4,5
446,3,4
446,5,2
446,2,2
446,10,2
446,6,4
446,7,3
446,9,1
447,1,4
447,5,3
447,6,1
447,3,3
447,10,5
447,7,1
447,2,4
447,8,2
447,4,1
447,9,1
448,9,5
448,1,4
448,8,5
448,4,2
448,6,2
448,10,5
448,5,3
448,7,2
448,2,4
448,3,5
449,8,2
449,5,5
449,3,3
450,2,1
450,6,4
450,10,4
450,7,5
451,2,2
451,1,5
451,6,1
451,9,4
451,7,1
452,1,4
452,9,2
452,3,3
452,4,5
452,7,4
452,8,5
452,5,4
452,10,4
452,2,1
452,6,3
453,3,5
453,7,2
453,4,3
453,9,4
453,1,5
453,8,3
453,6,3
453,2,1
453,10,4
453,5,4
454,6,5
454,4,4
455,4,2
455,6,4
455,5,3
455,3,1
455,7,1
455,2,1
455,9,5
455,10,2
455,1,5
455,8,1
456,7,5
456,5,2
456,3,4
456,8,1
456,6,1
456,1,3
456,4,5
456,10,3
456,2,1
456,9,2
457,1,4
457,10,2
457,2,4
457,9,3
457,6,1
457,5,1
457,4,3
457,8,3
457,3,3
457,7,4
458,6,3
458,2,2
458,7,4
458,3,3
458,4,4
458,10,5
458,1,1
458,5,4
458,9,3
458,8,3
459,1,4
459,7,4
459,4,2
459,2,5
459,10,5
460,5,1
460,9,2
460,2,2
460,4,2
460,1,5
460,7,2
460,10,4
460,3,5
460,8,4
460,6,3
461,10,3
461,7,4
461,2,5
461,9,3
461,8,1
461,6,5
461,1,1
461,4,1
461,5,1
461,3,1
462,7,1
462,8,4
462,6,1
462,9,2
462,4,1
464,1,2
464,7,3
464,4,5
464,10,2
464,9,2
464,5,4
464,2,4
464,3,5
464,6,5
464,8,4
465,4,1
465,1,3
465,3,4
465,6,3
465,9,3
465,5,1
465,7,3
465,10,1
465,2,2
465,8,4
466,3,4
466,4,5
466,7,3
466,6,4
466,9,5
466,10,2
466,5,5
466,2,5
466,8,3
466,1,2
468,3,4
468,8,4
468,5,1
468,7,2
468,6,1
468,2,4
468,4,1
468,10,4
468,1,4
468,9,2
469,7,5
469,10,2
469,5,5
469,2,2
469,9,2
469,6,5
469,1,1
469,3,1
469,8,2
469,4,4
471,3,5
471,9,1
471,2,1
471,10,1
471,4,4
471,7,1
471,6,2
471,5,3
471,1,5
471,8,1
472,8,5
472,7,2
472,6,3
472,10,2
472,4,1
472,2,5
472,3,3
472,5,2
472,1,1
472,9,5
473,10,1
473,3,2
473,7,4
473,5,3
474,1,1
474,4,3
474,10,4
475,7,5
475,4,4
475,3,5
475,1,2
475,6,2
475,10,1
475,2,2
475,9,2
475,8,5
475,5,3
476,1,1
476,10,2
476,4,2
476,3,5
476,6,4
476,8,5
477,3,2
477,7,1
477,5,4
477,4,2
477,8,1
477,1,5
477,6,3
477,2,2
477,10,3
477,9,5
478,3,3
478,6,5
478,9,1
478,1,1
478,5,4
478,4,5
478,10,1
478,8,2
478,7,4
478,2,5
479,8,2
479,5,2
479,9,5
479,10,2
479,3,2
479,6,4
479,2,1
479,7,1
479,4,4
479,1,4
480,9,1
480,1,4
480,6,1
480,3,2
480,2,2
480,10,1
480,7,5
480,5,3
480,4,2
480,8,2
481,5,4
481,6,5
481,2,2
481,7,2
481,1,4
481,3,5
481,10,1
481,8,2
481,4,4
481,9,2
482,10,2
482,3,4
482,9,4
482,7,2
482,6,5
482,8,1
482,5,5
482,4,5
482,1,1
482,2,5
483,1,3
483,8,3
483,5,2
483,3,5
483,10,3
483,4,2
483,7,1
483,6,5
483,9,3
483,2,5
484,7,2
484,1,2
484,2,5
484,3,4
484,9,5
484,4,1
484,10,1
484,8,2
484,6,3
484,5,4
485,8,5
485,1,5
485,2,5
485,7,5
485,4,1
485,5,3
485,9,4
485,6,5
485,3,1
485,10,1
486,7,4
486,9,1
486,8,5
486,3,2
486,4,1
486,2,4
486,6,4
486,10,5
486,1,4
486,5,3
487,1,5
487,9,5
487,10,2
487,5,3
487,2,3
487,7,5
488,2,3
488,6,3
488,10,3
488,1,4
488,4,1
488,9,5
488,8,3
488,5,1
488,7,3
488,3,2
489,5,4
489,8,5
489,10,4
489,3,3
489,4,3
489,2,1
489,6,2
489,7,3
489,9,2
489,1,4
490,6,1
490,3,4
490,9,2
490,5,4
490,2,2
490,4,2
490,8,4
490,7,5
490,10,4
490,1,5
491,2,2
491,5,1
491,8,3
491,4,4
491,1,5
491,7,2
491,3,2
491,6,3
491,9,3
491,10,1
492,5,4
492,1,1
492,3,1
492,6,3
492,2,5
492,10,1
492,4,3
492,8,4
492,9,3
492,7,2
493,6,5
493,7,3
493,2,2
493,5,4
493,4,2
493,8,4
493,10,1
493,9,4
493,1,3
493,3,5
494,9,3
494,5,1
494,2,4
494,1,1
494,6,1
494,7,3
494,8,3
494,4,4
494,3,3
494,10,4
495,2,2
495,7,4
495,8,1
495,1,1
495,5,3
495,9,3
495,3,1
495,10,3
495,4,2
495,6,3
496,2,5
496,6,5
496,10,4
496,4,4
496,1,5
496,5,4
496,7,5
496,8,5
496,3,2
496,9,5
497,10,5
497,9,1
497,6,3
497,1,3
497,8,3
497,3,4
497,5,3
497,4,4
497,7,2
497,2,3
498,2,4
498,10,1
498,4,5
498,5,1
498,1,5
498,6,2
498,7,1
498,9,2
498,3,2
498,8,5
499,1,3
499,6,4
499,2,2
499,10,1
499,3,1
499,7,5
499,8,1
499,5,2
499,4,4
499,9,1
500,5,4
500,7,4
500,1,5
500,9,2
500,10,1
500,3,2
500,2,5
500,4,5
500,8,3
500,6,2
501,4,3
501,1,2
501,5,4
501,10,4
501,7,1
501,3,4
501,6,2
501,9,3
501,8,3
501,2,1
502,1,2
502,9,2
502,2,3
502,4,5
503,10,4
503,3,3
503,9,1
503,4,4
503,6,3
503,1,2
503,2,3
503,8,4
503,7,4
503,5,5
504,1,1
504,5,2
504,9,5
504,8,2
504,3,3
504,4,1
504,2,2
504,6,3
504,7,3
504,10,1
505,7,1
505,4,5
505,1,2
505,10,2
505,3,3
505,8,3
505,5,5
505,2,5
505,9,3
505,6,2
506,2,1
506,5,5
506,8,3
506,7,4
506,10,3
506,3,3
506,4,3
506,9,1
506,6,5
506,1,3
507,8,3
507,4,4
507,3,4
507,9,4
507,1,3
507,10,1
507,5,5
507,6,1
507,7,3
507,2,4
508,9,1
508,2,1
508,5,2
508,10,3
508,7,2
508,6,4
508,1,3
508,4,4
508,3,2
508,8,1
509,7,4
509,6,4
509,8,2
509,10,1
509,2,3
509,9,5
509,1,1
509,4,1
509,3,4
509,5,4
510,3,2
510,1,4
510,10,4
510,6,5
510,4,2
510,2,5
510,9,5
510,5,2
510,7,4
510,8,5
511,6,4
511,7,5
511,5,5
511,4,5
511,10,1
511,2,4
511,1,1
511,9,2
511,3,2
511,8,2
512,10,3
512,5,4
512,4,3
512,7,3
512,1,3
512,8,5
512,9,5
512,2,5
512,6,4
512,3,1
513,8,1
513,7,3
513,5,3
513,9,3
514,8,5
514,7,3
514,10,4
514,4,5
514,3,3
514,6,3
514,5,3
514,1,5
514,2,5
514,9,5
515,4,5
515,10,3
515,3,1
515,5,3
515,8,3
515,6,3
515,7,2
515,1,1
516,6,3
516,10,4
516,8,3
516,2,4
516,3,2
516,7,4
516,9,3
516,1,4
516,5,2
516,4,1
517,3,2
517,10,5
517,6,5
517,5,3
517,9,5
517,7,5
517,2,1
517,8,4
517,1,5
517,4,5
518,1,5
518,3,2
518,7,5
518,10,2
518,8,1
518,6,1
518,2,5
518,5,4
518,9,3
518,4,3
519,5,5
519,4,2
519,6,5
519,3,3
519,10,4
519,2,2
519,9,4
519,1,1
519,7,5
519,8,3
520,2,1
520,9,3
520,10,4
520,6,4
520,7,4
520,1,1
520,4,3
520,8,1
520,3,5
520,5,1
521,1,3
521,4,3
521,6,1
521,9,5
521,8,2
521,2,2
521,7,3
521,5,5
521,3,5
521,10,1
522,3,3
522,9,1
522,7,2
522,4,2
522,2,5
522,1,2
522,10,4
522,6,1
522,5,4
522,8,4
523,7,4
523,8,1
523,2,5
523,6,3
523,9,1
523,3,1
523,4,5
523,10,3
523,5,5
523,1,3
524,10,1
524,7,5
524,5,1
524,2,2
524,4,1
524,6,3
524,3,4
524,9,5
525,4,3
525,1,1
525,9,4
525,6,3
525,7,2
525,10,5
525,5,1
525,2,4
525,3,5
525,8,2
526,10,5
526,9,1
526,8,5
526,5,3
526,4,3
526,6,1
527,3,4
527,5,3
527,6,5
527,10,3
527,1,1
527,8,4
527,9,2
527,4,5
527,2,5
527,7,2
528,6,2
528,8,2
528,10,3
528,1,2
528,9,1
528,3,1
528,2,1
528,5,3
528,7,3
528,4,4
529,7,5
529,2,4
529,5,4
529,3,3
529,8,5
529,1,5
529,6,1
529,9,4
529,10,2
529,4,1
530,6,5
530,8,5
530,1,1
530,2,5
530,4,4
530,9,3
530,3,3
530,10,4
530,7,4
530,5,1
531,10,5
531,4,5
531,2,5
531,5,1
531,6,3
531,7,3
531,8,2
531,1,2
531,3,2
531,9,1
532,6,3
532,3,3
532,2,2
532,10,3
533,3,3
533,1,1
533,7,5
533,5,4
533,8,1
533,10,3
533,9,2
533,2,2
533,6,3
533,4,5
534,2,5
534,5,2
534,4,2
534,3,3
534,8,2
534,10,5
534,6,3
534,9,1
534,7,5
534,1,3
535,7,5
535,6,2
535,5,4
535,2,5
535,9,5
535,4,2
535,3,3
535,8,1
535,10,2
535,1,2
536,4,4
536,3,3
536,5,5
536,2,3
536,8,2
536,7,1
536,6,4
536,10,1
537,8,1
537,9,2
537,5,5
537,1,4
537,3,3
537,6,2
537,4,4
537,10,2
537,2,1
537,7,4
538,9,2
538,3,5
538,10,3
538,2,1
538,5,4
538,6,3
538,8,5
538,7,1
538,4,3
538,1,4
539,6,2
539,2,4
539,7,1
539,8,2
539,1,1
539,10,1
539,3,2
539,5,3
539,4,2
539,9,5
540,2,3
540,5,3
540,7,3
540,10,1
540,1,1
540,4,4
540,8,2
540,9,2
540,3,2
540,6,5
541,2,1
541,6,5
541,1,5
541,9,1
541,3,1
541,5,1
541,7,1
541,10,4
541,8,4
541,4,4
542,7,5
542,9,4
542,10,1
542,2,1
542,4,3
542,3,3
542,1,2
542,5,4
542,8,1
542,6,1
543,6,2
543,10,3
543,9,2
543,8,4
543,1,3
543,7,1
543,5,1
543,3,2
543,2,3
543,4,3
544,1,2
544,7,1
544,10,4
544,3,5
545,4,3
545,7,5
545,2,1
545,9,2
545,1,3
545,6,3
545,8,1
545,10,5
545,3,1
545,5,3
546,5,4
546,6,5
546,8,1
546,3,2
546,4,2
546,7,1
546,2,4
546,10,4
546,1,5
546,9,5
547,7,3
547,2,2
547,6,1
547,5,1
547,8,3
547,9,2
547,1,5
547,10,1
548,2,1
548,5,3
548,3,5
548,7,1
548,1,2
548,9,4
548,4,5
548,8,4
548,6,3
548,10,2
549,4,1
549,1,3
549,3,5
549,7,5
549,10,3
549,8,1
549,5,3
549,9,5
549,6,3
549,2,3
550,6,5
550,7,2
550,3,4
550,5,2
550,10,2
550,1,4
550,9,1
550,4,1
550,2,4
550,8,3
551,10,5
551,5,2
551,4,3
551,3,2
551,8,5
551,1,3
551,9,5
551,7,1
551,6,4
551,2,2
552,10,5
552,2,2
552,4,3
552,8,1
552,5,1
552,6,2
552,9,4
552,7,4
552,3,5
552,1,2
553,5,2
553,3,1
553,10,4
553,4,3
553,9,4
553,8,3
553,6,5
553,2,4
553,7,1
553,1,2
554,2,4
554,5,1
554,6,5
554,8,4
554,3,3
554,10,5
554,4,3
554,9,4
554,1,4
554,7,1
555,6,3
555,4,4
555,7,1
555,8,5
555,9,3
555,10,5
555,2,5
555,3,1
555,5,2
555,1,2
556,8,5
556,5,2
556,3,4
556,1,5
556,6,3
556,2,2
556,9,5
556,10,2
556,7,4
556,4,3
557,8,3
557,7,4
557,10,3
557,5,4
557,2,5
557,3,5
557,4,4
557,9,2
557,6,3
557,1,5
558,8,3
558,1,5
558,2,2
558,9,4
558,10,3
558,7,4
558,3,4
558,5,3
558,6,5
558,4,5
559,4,3
559,3,1
559,1,2
559,7,2
559,5,3
559,8,1
559,9,1
559,2,2
559,6,5
559,10,1
560,3,5
560,7,5
560,9,2
560,4,2
560,10,2
560,5,4
560,8,3
560,2,5
560,1,5
560,6,2
561,7,2
561,10,4
561,9,4
561,1,3
561,5,2
561,8,2
561,4,1
561,3,4
561,6,5
561,2,4
562,1,2
562,8,1
562,9,4
562,6,4
562,2,4
562,4,4
562,7,1
562,10,5
562,5,4
562,3,2
563,7,5
563,1,2
563,3,4
563,4,4
563,2,5
563,5,1
563,8,1
563,9,4
563,6,1
563,10,1
564,3,5
564,9,4
564,4,2
564,8,5
564,2,1
564,7,2
564,5,2
564,10,4
564,1,1
564,6,2
565,10,1
565,9,3
565,1,1
565,8,2
565,5,4
565,7,5
565,2,4
565,3,2
565,4,3
565,6,3
566,3,5
566,4,2
566,6,4
566,10,5
566,2,3
566,1,4
566,8,5
566,7,1
566,5,1
566,9,1
567,3,4
567,5,5
567,8,2
567,10,4
567,9,4
568,3,5
568,9,4
568,1,3
568,4,3
568,10,2
568,2,4
568,5,5
568,8,5
568,6,2
568,7,5
569,6,1
569,2,2
569,10,4
569,4,3
569,8,1
569,9,1
569,7,3
569,3,3
569,5,2
569,1,1
570,9,1
570,2,4
570,10,5
570,7,1
570,4,4
570,1,1
570,6,4
570,8,4
570,3,5
570,5,2
571,3,4
571,7,3
571,6,3
571,5,1
571,2,1
572,8,5
572,4,4
572,10,1
572,5,5
572,9,5
572,3,5
572,2,4
572,1,3
572,6,5
572,7,4
573,9,3
573,5,4
573,4,4
573,8,1
573,7,2
573,2,3
573,3,2
573,10,2
573,1,2
573,6,2
574,7,4
574,4,4
574,3,2
574,10,3
574,8,3
574,1,1
574,2,1
574,6,4
574,5,1
574,9,4
575,9,1
575,1,4
575,10,1
575,7,3
575,4,5
575,6,3
575,2,5
575,3,2
575,5,4
575,8,4
576,9,1
576,3,5
576,10,1
576,1,4
576,4,3
576,8,4
576,6,4
576,7,2
576,5,4
576,2,3
577,3,1
577,8,2
577,2,4
577,5,1
577,6,4
577,10,1
577,1,2
577,4,2
577,9,1
577,7,1
578,5,3
578,2,5
578,4,3
578,8,5
578,9,5
578,1,5
578,6,3
578,7,2
578,3,5
578,10,4
579,2,2
579,1,2
579,8,5
579,7,3
579,10,4
579,5,5
579,6,2
579,4,5
579,3,4
579,9,2
580,8,4
580,4,3
580,5,2
580,9,4
580,3,5
580,7,1
580,2,1
580,6,2
580,1,2
580,10,5
581,6,3
581,3,5
581,7,3
581,2,2
581,4,4
581,5,2
581,9,5
581,1,5
581,10,5
581,8,2
582,1,4
582,2,3
582,4,2
582,5,3
582,9,1
582,8,4
582,6,2
582,3,4
582,7,1
582,10,1
583,7,1
583,4,3
583,3,5
583,6,1
583,5,2
583,9,5
583,1,2
583,10,2
583,8,3
583,2,4
584,4,5
584,7,1
584,6,2
584,1,3
584,10,5
584,8,3
584,2,4
584,9,1
584,3,3
584,5,1
585,8,4
585,5,2
586,6,1
586,2,1
586,7,1
586,5,1
586,8,2
586,10,1
586,3,2
586,4,1
586,1,3
586,9,2
587,5,2
587,7,5
587,2,5
588,10,2
588,4,1
588,1,3
588,5,2
588,2,1
588,6,4
588,8,5
588,9,4
588,3,5
588,7,3
589,2,1
589,4,5
589,1,2
589,10,4
589,5,5
589,3,4
589,9,4
589,7,1
589,8,2
589,6,1
590,9,4
590,8,2
590,1,5
591,3,1
591,2,5
591,7,5
591,8,1
591,9,1
591,5,4
591,6,2
591,1,4
591,10,4
591,4,4
592,3,3
592,6,2
592,2,1
592,9,2
592,4,1
592,7,4
592,5,2
592,8,4
592,1,4
592,10,5
593,7,3
593,6,2
593,4,4
593,8,3
593,2,4
593,1,3
593,3,1
593,10,5
593,9,5
593,5,4
594,5,5
594,7,1
594,2,3
594,8,1
594,6,2
594,9,5
594,1,3
594,10,5
594,3,5
594,4,2
595,5,4
595,1,3
595,10,2
595,7,5
595,3,1
595,2,2
595,4,5
595,8,5
595,6,2
595,9,5
596,8,4
596,10,1
596,1,4
596,7,3
596,9,4
596,6,1
596,4,5
596,2,2
596,3,4
596,5,3
597,4,4
597,7,3
597,8,5
597,3,2
597,9,5
597,10,4
597,5,2
597,2,4
597,1,5
597,6,3
598,4,4
598,7,5
598,2,5
598,3,3
598,9,5
598,10,5
598,5,5
598,8,4
598,6,5
598,1,5
599,3,5
599,5,2
599,1,2
599,4,4
599,9,5
599,8,3
599,6,2
599,2,2
599,10,5
599,7,3
600,7,1
600,9,5
600,2,2
600,4,3
600,6,3
600,8,1
600,10,1
600,1,1
601,4,2
601,6,3
601,3,1
601,9,3
601,1,3
601,8,3
601,10,3
601,7,2
601,5,4
601,2,1
602,6,4
602,4,2
602,9,5
602,7,3
602,3,5
602,1,5
602,10,1
602,8,4
602,5,5
602,2,4
603,2,5
603,9,4
603,10,2
603,5,1
604,9,3
604,8,1
604,5,5
604,10,1
604,4,2
604,6,4
605,1,1
605,7,2
605,10,1
605,2,2
605,8,3
605,5,3
605,4,1
605,9,4
605,3,4
605,6,5
606,2,5
606,4,3
606,6,4
606,10,2
606,8,2
606,5,3
606,7,5
606,3,4
606,1,4
606,9,2
607,4,4
607,8,3
607,1,2
607,9,4
607,10,2
607,3,1
607,2,4
607,7,3
607,5,2
607,6,1
608,3,5
608,5,4
608,8,1
608,1,5
608,10,2
608,7,2
608,2,5
608,6,2
608,9,3
608,4,5
609,6,2
609,5,4
609,4,1
609,9,5
609,1,3
609,10,5
609,3,5
609,2,2
609,7,1
609,8,3
610,3,4
610,2,5
610,4,5
610,5,4
610,1,1
610,6,3
610,10,4
610,7,1
610,8,4
610,9,1
611,6,2
611,3,5
611,2,3
611,8,5
611,7,5
611,5,1
611,9,3
611,4,5
611,10,4
611,1,1
612,4,3
612,10,5
612,9,1
612,8,1
612,7,2
612,2,1
612,6,1
612,3,5
612,5,2
612,1,2
613,1,1
613,10,4
613,7,2
613,4,2
613,2,3
613,3,3
613,8,1
613,9,2
613,6,4
613,5,4
614,10,3
614,6,4
614,3,3
614,9,1
615,6,1
615,4,3
615,1,1
615,7,1
615,5,4
615,10,2
615,8,3
615,2,3
615,9,4
615,3,2
616,1,1
616,4,2
616,9,3
616,10,2
616,2,2
616,5,5
616,7,1
616,6,1
616,8,2
616,3,2
617,1,2
617,9,1
617,4,3
617,3,3
617,5,3
617,6,1
617,10,5
617,8,3
617,2,1
617,7,2
618,4,4
618,8,1
618,3,4
618,1,4
618,9,5
618,2,5
618,7,2
618,5,5
618,10,4
618,6,1
619,8,4
619,5,4
619,7,4
619,4,2
619,6,3
619,9,3
619,3,1
619,1,5
619,2,5
619,10,2
620,6,3
620,3,2
620,10,1
620,4,5
620,8,5
620,5,2
621,7,1
621,2,2
621,10,1
621,6,2
621,4,1
621,1,3
621,8,5
621,9,1
621,3,5
621,5,2
622,7,2
622,8,5
622,4,2
622,3,4
622,5,4
622,1,4
622,10,4
622,2,1
622,6,1
622,9,4
623,2,2
623,8,3
623,6,1
623,3,3
623,7,5
623,1,2
623,5,3
623,4,2
623,10,4
623,9,4
624,9,5
624,8,1
624,5,1
624,3,3
624,1,3
624,4,5
624,2,5
624,6,4
624,7,2
624,10,5
625,4,3
625,1,2
625,10,2
625,6,3
625,7,1
625,8,4
625,5,5
625,3,4
625,2,4
625,9,5
626,10,1
626,4,1
626,5,4
626,3,5
626,2,1
627,4,1
627,8,4
627,6,2
627,9,5
627,5,2
627,2,1
627,3,4
627,1,4
627,10,2
627,7,1
628,6,1
628,8,2
628,2,2
628,5,4
628,3,5
628,9,3
629,1,1
629,3,1
629,5,1
629,7,3
629,4,1
629,8,5
629,10,2
629,6,4
630,2,5
630,4,2
630,9,3
630,3,3
630,7,2
630,10,4
630,6,5
630,8,5
631,3,3
631,4,5
631,9,1
631,7,3
631,2,1
631,8,1
631,1,1
631,5,3
631,10,1
631,6,1
632,10,4
632,6,3
632,1,3
632,5,5
632,8,1
632,9,2
632,7,3
632,2,1
633,6,3
633,7,5
633,5,2
633,10,5
633,2,5
633,4,5
634,8,4
634,1,5
634,10,4
634,7,1
634,9,1
634,4,3
634,6,3
634,2,1
634,3,5
634,5,4
635,5,4
635,10,3
635,8,3
635,7,3
635,6,4
635,3,2
635,9,4
635,1,2
636,1,3
636,7,2
636,5,5
636,3,2
636,9,3
636,8,5
636,2,4
636,4,1
636,6,1
636,10,1
637,8,5
637,5,4
637,2,5
637,4,2
637,7,2
637,9,1
637,3,1
637,1,2
637,6,2
637,10,3
638,10,4
638,3,4
638,9,5
638,8,5
638,5,2
638,1,5
638,4,1
638,2,2
638,6,1
638,7,5
639,6,1
639,1,3
639,10,2
639,8,3
639,2,5
639,7,2
639,4,4
639,9,3
639,5,3
639,3,3
640,3,1
640,4,4
640,10,1
640,9,2
640,2,3
640,8,3
640,6,4
640,1,4
640,7,5
640,5,3
641,1,5
641,5,5
641,4,4
641,10,3
641,7,2
641,8,4
641,2,2
641,6,2
641,9,2
641,3,3
642,5,2
642,9,5
642,8,1
642,2,2
642,10,2
643,5,2
643,9,5
643,2,3
644,7,4
644,5,2
644,10,3
644,6,1
644,9,3
644,2,1
644,3,4
644,4,5
645,7,2
645,10,1
645,1,1
645,5,4
645,3,3
645,2,4
645,6,3
645,8,4
646,10,5
646,7,4
646,3,5
646,5,3
646,2,4
646,1,1
646,8,4
646,9,3
646,6,3
646,4,4
647,3,2
647,2,3
647,7,4
647,6,2
647,4,4
647,8,3
647,1,5
647,10,1
647,9,1
647,5,3
648,3,3
648,1,3
648,4,3
648,9,2
648,8,1
648,5,1
648,10,1
648,6,5
648,2,1
648,7,3
649,5,4
649,1,3
649,3,2
649,10,2
649,4,1
649,7,1
649,2,5
649,9,4
649,6,1
649,8,3
650,8,1
650,10,4
650,4,4
650,5,2
650,1,1
650,2,2
650,3,3
650,6,3
650,7,1
650,9,1
651,10,1
651,1,5
651,2,5
651,6,2
651,7,5
651,4,3
651,9,1
651,3,2
651,5,1
651,8,4
652,1,4
652,4,3
652,6,5
652,7,3
653,2,4
653,4,1
653,8,4
653,6,4
653,3,3
653,7,5
653,10,3
653,9,1
653,1,1
653,5,4
654,1,1
654,7,3
654,4,3
654,10,1
654,2,2
654,3,2
654,8,2
654,6,4
654,9,5
654,5,1
655,9,4
655,8,5
655,10,1
655,4,1
655,7,5
655,6,2
655,3,5
655,5,1
655,2,2
655,1,2
656,8,3
656,9,2
656,3,4
656,5,1
656,7,2
656,2,5
656,4,1
656,10,2
656,6,1
656,1,1
657,10,2
657,1,4
657,4,5
657,9,3
657,7,2
657,2,2
657,8,1
657,5,3
658,7,5
658,10,1
658,6,2
658,9,2
658,8,2
658,2,3
658,5,5
658,4,5
658,3,5
658,1,2
659,2,1
659,5,4
659,10,2
659,8,5
659,7,2
659,3,2
659,1,4
659,6,3
659,9,1
659,4,1
660,10,4
660,5,2
660,2,2
660,7,4
660,4,1
660,6,3
660,8,4
660,3,5
660,9,4
661,2,2
661,9,1
661,1,1
661,6,2
661,7,3
661,3,5
661,8,3
661,10,5
661,4,4
661,5,2
662,8,3
662,1,1
662,7,4
662,4,2
662,5,5
662,3,5
662,6,5
662,2,3
662,10,1
662,9,2
663,6,1
663,10,4
663,9,4
663,8,1
663,3,3
663,5,5
663,4,4
663,2,2
663,1,3
663,7,3
664,8,1
664,7,3
664,4,4
664,5,1
664,1,3
664,9,3
664,6,4
664,2,4
664,3,2
664,10,4
665,5,1
665,1,4
665,2,3
665,6,2
665,3,5
665,8,1
665,9,3
665,10,4
665,4,1
665,7,1
666,4,2
666,8,1
666,9,5
666,5,2
666,3,1
666,2,4
666,1,1
666,7,1
666,6,3
666,10,4
667,10,2
667,8,2
667,4,4
667,2,3
667,9,1
667,7,3
667,1,4
667,6,4
667,3,3
667,5,4
668,3,3
668,1,3
668,5,5
668,6,5
668,4,2
668,9,3
668,8,4
668,10,3
668,2,5
668,7,1
669,5,1
669,1,5
669,10,4
669,9,5
669,7,1
669,6,5
669,2,4
669,8,3
669,4,4
669,3,3
670,3,1
670,6,1
670,7,1
670,5,5
670,1,5
671,1,1
671,6,5
671,5,1
671,8,3
671,3,1
671,9,5
671,10,1
671,7,1
671,2,1
671,4,1
672,5,2
672,3,5
672,1,5
672,6,5
672,7,4
672,10,1
672,8,1
672,9,5
672,4,4
672,2,1
673,7,4
673,8,1
673,10,4
673,1,5
674,9,1
674,5,5
674,4,5
674,6,3
674,1,2
674,8,4
674,2,5
674,3,5
674,7,2
674,10,4
675,3,4
675,1,4
675,10,4
675,8,5
675,7,1
675,6,2
675,5,5
675,9,4
676,2,1
676,6,2
676,5,2
676,10,1
676,8,4
676,4,3
676,1,5
676,9,1
676,3,4
676,7,1
677,6,5
677,3,1
677,10,3
677,8,2
677,1,2
677,4,4
677,7,5
677,2,3
677,5,3
677,9,2
678,3,5
678,9,5
678,2,5
678,8,1
678,7,1
678,1,3
678,5,1
678,4,2
678,6,3
678,10,4
679,6,3
679,2,4
679,7,3
679,5,2
679,9,1
679,3,3
679,8,5
679,4,4
679,1,2
679,10,5
680,4,4
680,2,4
680,3,5
681,8,2
681,1,1
681,5,3
681,7,1
681,9,5
681,6,5
681,4,3
681,3,3
681,2,2
681,10,1
682,10,1
682,4,4
682,9,2
682,7,3
682,8,2
682,2,1
682,1,5
682,3,4
682,6,4
682,5,3
683,5,1
683,9,2
683,2,3
683,1,1
683,10,2
683,8,4
683,3,2
683,6,5
683,7,3
683,4,1
684,4,5
684,1,1
684,3,3
684,2,1
684,10,1
684,7,5
684,5,2
684,8,1
684,6,2
684,9,4
685,3,5
685,9,5
685,8,3
685,2,1
685,4,2
685,7,2
685,6,3
685,1,5
686,4,2
686,7,5
686,8,3
686,2,3
686,3,2
686,1,4
686,9,3
686,5,2
686,6,4
686,10,5
687,8,1
687,2,3
687,1,1
687,5,4
687,10,5
688,9,4
688,4,5
688,8,4
688,7,5
688,1,1
688,10,3
688,5,1
688,2,5
688,3,1
688,6,1
689,2,4
689,9,2
689,10,1
689,8,2
689,6,1
689,4,5
689,1,3
689,7,2
690,9,2
690,6,1
690,7,2
691,1,2
691,5,3
691,9,4
691,3,1
691,6,5
691,7,5
691,4,4
691,2,5
691,8,2
691,10,2
692,1,5
692,5,5
692,9,2
692,6,3
692,4,5
692,8,3
692,3,3
692,10,5
692,7,5
692,2,2
693,2,5
693,1,2
693,5,2
693,6,4
693,10,4
693,7,4
693,4,4
693,3,4
693,8,5
693,9,3
694,9,1
694,5,1
694,3,3
694,10,5
694,8,1
694,6,1
694,1,1
694,2,5
694,4,1
694,7,3
695,10,2
695,9,4
695,6,2
695,8,5
696,1,2
696,7,1
696,4,2
696,10,3
696,5,2
696,8,1
696,6,1
696,2,3
696,3,2
696,9,5
697,10,2
697,6,2
697,9,1
697,1,1
697,5,1
697,4,5
697,8,2
697,7,1
697,3,3
697,2,1
698,6,3
698,10,1
698,5,4
698,9,2
698,4,3
698,1,1
698,3,1
698,8,4
698,7,3
698,2,2
699,9,5
699,3,2
699,5,3
699,2,5
699,10,3
699,4,1
699,8,3
699,6,2
699,7,4
699,1,4
700,8,2
700,4,4
700,3,4
700,10,5
700,5,4
700,9,4
700,6,2
700,1,4
700,2,2
700,7,1
701,9,3
701,1,5
701,10,1
701,8,4
701,2,3
701,3,4
701,4,2
701,6,4
701,7,1
701,5,5
702,3,1
702,7,2
702,5,3
702,8,3
702,6,5
702,2,1
702,1,3
702,10,5
702,9,1
702,4,4
703,9,2
703,6,3
703,1,2
703,3,3
703,4,2
703,7,1
703,8,2
703,2,1
703,5,1
703,10,3
704,1,2
704,7,4
704,5,5
704,8,3
704,3,5
705,9,4
705,1,1
705,7,2
705,2,5
705,8,5
705,4,3
705,10,1
705,5,5
705,6,4
705,3,4
706,4,1
706,9,1
706,8,3
706,10,3
706,7,4
706,2,4
706,6,2
706,1,5
706,5,1
706,3,4
707,8,4
707,3,5
707,6,3
707,2,1
707,5,1
707,1,2
707,4,4
707,9,5
707,7,1
707,10,4
708,3,3
708,9,5
708,5,1
708,1,5
709,8,4
709,9,3
709,6,5
709,2,4
709,3,1
709,10,5
709,1,5
709,5,4
709,7,4
709,4,5
710,5,2
710,2,4
710,9,4
710,1,5
710,8,3
710,7,4
710,4,3
710,3,2
710,6,5
710,10,5
711,10,2
711,2,5
711,7,2
711,5,1
711,1,2
711,9,1
711,8,5
711,6,2
711,4,5
711,3,4
712,8,5
712,9,5
712,2,1
712,3,1
712,7,2
712,10,5
712,5,4
712,6,3
712,4,5
712,1,3
713,6,2
713,1,5
713,10,2
713,3,2
713,2,3
713,9,5
713,4,5
713,8,5
713,5,5
713,7,4
714,9,4
714,7,1
714,5,2
714,4,2
714,3,3
715,8,4
715,3,3
715,2,2
715,4,4
715,9,5
715,1,1
715,6,5
715,5,5
715,10,2
715,7,2
716,10,1
716,1,2
716,8,1
716,3,4
716,5,2
716,4,1
716,9,2
716,6,3
716,7,5
716,2,1
717,3,4
717,10,2
717,6,3
717,8,4
717,7,2
717,2,5
717,5,1
717,9,1
717,1,5
717,4,5
718,9,4
718,1,5
718,10,5
718,3,5
718,4,2
718,5,3
718,6,1
718,2,2
718,8,2
718,7,4
719,1,4
719,3,2
719,6,5
719,2,1
719,4,3
719,8,5
719,10,5
719,7,4
720,7,1
720,8,1
720,10,3
720,9,2
720,6,5
720,5,1
720,4,4
720,3,4
720,1,4
720,2,3
721,8,1
721,10,2
721,2,5
721,9,5
721,5,3
721,3,1
721,6,3
721,1,2
721,4,1
721,7,3
722,9,5
722,1,2
722,2,3
722,6,4
722,10,3
722,5,5
722,3,2
722,7,2
722,4,4
722,8,4
723,4,5
723,10,2
723,9,5
723,6,4
723,3,4
723,2,4
723,8,1
723,7,3
723,1,5
723,5,1
724,5,2
724,2,5
724,10,2
724,1,1
724,4,2
724,7,3
724,8,4
724,6,4
724,3,3
724,9,5
725,3,2
725,4,4
725,6,2
725,8,1
725,9,2
725,5,5
725,1,4
725,7,3
725,2,1
725,10,1
726,7,4
726,10,3
726,4,4
726,5,5
726,6,1
726,8,2
726,2,4
726,3,3
726,1,4
726,9,3
727,9,1
727,8,2
727,10,1
727,6,3
727,3,2
727,4,5
727,2,1
727,5,5
727,1,2
727,7,1
728,6,3
728,10,1
728,8,3
728,5,3
728,7,1
728,9,1
728,1,4
728,2,2
728,3,3
728,4,1
729,3,1
729,9,1
729,4,4
729,2,1
730,1,3
730,6,5
730,7,2
730,8,4
730,10,1
730,3,4
730,9,2
730,5,5
730,2,4
730,4,5
731,4,5
731,3,4
731,5,2
731,10,5
731,6,5
732,8,2
732,10,2
732,2,3
732,4,2
732,7,5
732,5,1
732,6,2
732,1,5
732,9,3
732,3,4
733,6,5
733,4,2
733,9,3
733,3,5
733,1,5
733,5,3
733,10,1
733,2,5
733,8,3
733,7,5
734,4,1
734,6,3
734,1,1
735,7,1
735,10,2
735,3,1
735,9,3
735,4,4
735,5,2
735,2,2
735,1,1
735,8,5
735,6,4
736,9,3
736,6,2
736,10,1
736,1,3
736,4,5
736,2,1
736,5,5
736,7,2
736,8,3
736,3,1
737,6,5
737,4,2
737,8,1
737,3,5
737,7,4
737,2,4
737,1,4
737,10,1
737,9,5
737,5,1
738,4,4
738,2,5
738,8,5
738,9,2
738,6,3
738,3,5
738,10,4
738,1,5
738,5,2
738,7,1
739,6,2
739,5,1
739,4,5
739,3,2
739,7,4
739,10,4
739,2,5
739,9,1
739,1,1
739,8,2
740,4,5
740,10,1
740,3,1
740,5,5
740,6,3
740,2,3
740,7,4
740,9,1
740,8,5
740,1,1
741,8,5
741,10,2
741,6,1
741,1,4
741,5,1
741,3,4
741,7,1
741,9,5
741,4,1
741,2,5
742,4,4
742,3,2
742,8,4
742,2,5
742,10,5
742,1,5
742,9,2
742,7,5
742,5,2
742,6,5
743,1,5
743,5,1
743,4,5
743,2,1
743,3,1
743,10,2
743,7,2
743,8,4
743,9,5
743,6,5
744,7,4
744,10,5
744,3,4
744,2,2
744,9,3
744,6,3
744,8,4
744,1,5
744,4,5
744,5,4
745,4,2
745,10,5
745,3,1
745,6,4
745,1,5
745,9,1
745,2,4
745,8,5
745,7,5
745,5,1
746,1,3
746,7,5
746,5,3
746,8,1
746,2,4
746,9,5
746,3,4
746,4,4
746,6,3
746,10,3
747,9,2
747,1,3
747,3,5
747,7,3
747,8,1
747,6,3
747,5,4
747,4,1
747,10,4
747,2,4
748,7,1
748,2,1
748,10,1
748,4,1
748,8,1
748,5,2
748,1,1
748,3,3
748,6,5
748,9,2
749,4,4
749,2,4
749,6,2
749,1,4
749,9,5
749,3,5
749,5,4
749,7,4
749,10,4
749,8,3
750,10,4
750,6,1
750,1,1
750,9,2
750,3,3
750,5,3
750,4,2
750,2,4
750,8,3
750,7,1
751,8,5
751,1,3
751,6,2
751,7,4
751,3,3
752,4,1
752,9,1
752,8,2
752,2,1
752,6,1
752,7,1
752,3,2
752,5,2
752,1,2
752,10,5
753,9,1
753,3,1
753,8,4
753,6,2
753,7,4
753,5,2
753,1,5
753,2,4
753,10,5
753,4,1
754,7,4
754,10,3
754,9,5
754,5,4
754,6,3
754,8,4
754,3,5
754,1,3
754,2,1
754,4,1
755,5,5
755,1,3
755,8,1
755,7,4
755,3,5
755,10,2
755,4,2
755,9,1
755,6,4
755,2,3
756,9,5
756,10,4
756,4,4
756,3,1
756,5,3
756,1,3
756,8,4
756,6,4
756,7,4
756,2,5
757,2,5
757,8,4
757,1,3
757,3,2
757,7,2
757,6,3
757,10,5
757,9,3
758,10,5
758,8,1
758,3,5
758,6,1
758,1,3
758,5,1
758,7,4
758,9,3
758,2,3
758,4,3
759,2,3
759,3,2
759,1,5
759,7,3
759,10,1
759,6,2
759,9,4
759,4,3
759,5,5
759,8,3
760,2,2
760,10,3
760,7,3
761,6,5
761,9,3
761,1,3
761,4,4
761,5,1
761,7,4
761,8,4
761,10,5
761,2,2
761,3,1
762,3,1
762,5,4
762,2,2
762,1,4
762,7,5
762,8,4
762,6,5
762,9,1
762,10,2
762,4,2
763,6,5
763,1,5
763,10,2
763,2,1
763,7,5
763,4,4
763,3,4
763,9,2
763,8,5
763,5,3
764,6,4
764,10,1
764,9,3
764,4,3
764,7,3
764,1,4
764,3,5
764,5,5
764,2,1
764,8,5
765,1,3
765,10,4
765,4,4
765,5,5
765,9,2
766,4,1
766,7,5
766,8,3
767,3,1
767,4,2
767,7,3
767,2,3
767,8,1
767,10,4
767,5,3
767,9,1
767,6,1
767,1,3
768,8,3
768,4,5
768,2,5
768,7,4
768,10,1
768,5,1
768,9,4
768,3,4
768,1,4
768,6,2
769,1,5
769,7,4
769,5,4
769,10,2
769,4,3
769,6,1
769,8,5
769,2,1
769,9,1
769,3,4
770,1,1
770,4,5
770,7,2
770,6,5
770,9,1
770,10,4
770,2,3
770,8,5
771,9,1
771,3,2
771,7,3
771,10,4
771,5,4
771,8,5
771,1,2
771,4,3
771,2,3
771,6,3
772,7,5
772,6,5
772,4,4
773,8,5
773,5,2
773,4,5
773,7,3
773,6,1
773,9,1
773,1,1
773,3,5
773,10,2
773,2,1
774,9,1
774,4,2
774,2,4
774,3,2
774,7,1
774,8,2
774,5,5
774,1,5
774,10,2
774,6,1
775,10,4
775,9,5
776,10,1
776,9,3
776,4,3
776,6,5
776,7,3
776,5,1
776,3,3
776,8,2
776,1,4
776,2,5
777,7,3
777,2,4
777,8,1
777,10,3
777,5,3
777,1,5
777,6,1
777,9,4
777,4,4
777,3,3
778,7,4
778,2,3
778,4,1
778,5,1
778,8,2
779,10,5
779,7,3
779,4,1
779,1,1
779,6,5
779,2,3
779,5,4
779,9,2
779,8,3
779,3,2
780,3,1
780,9,4
780,6,2
780,10,2
780,8,4
780,5,3
780,7,4
780,1,4
780,2,3
780,4,5
781,5,5
781,3,2
781,9,5
781,6,3
781,10,1
781,4,5
781,2,5
781,7,5
781,8,4
781,1,2
782,3,2
782,7,2
782,10,2
782,9,4
782,8,4
782,6,3
782,2,5
782,5,4
782,4,1
782,1,4
783,1,3
783,6,4
783,2,4
783,5,2
783,10,2
784,4,4
785,3,3
785,5,1
785,2,5
785,7,1
785,8,1
785,6,4
785,9,2
785,1,2
785,10,2
785,4,2
786,2,3
786,1,2
786,4,1
786,7,4
786,6,5
786,9,3
786,3,4
786,8,4
786,5,4
786,10,1
787,10,2
787,8,4
787,7,2
787,3,5
787,6,1
787,4,2
787,5,3
787,9,4
787,2,1
787,1,2
788,4,3
788,3,1
788,8,4
788,1,4
788,7,1
788,6,3
788,2,4
788,10,4
788,5,2
788,9,5
789,8,1
789,3,1
789,4,1
789,1,5
789,5,2
789,7,4
789,6,3
789,9,3
789,10,3
789,2,4
790,7,5
790,2,5
790,9,4
790,5,5
790,10,1
791,5,4
791,8,4
791,1,4
791,2,2
791,9,3
791,7,3
791,6,5
791,3,5
791,4,1
791,10,4
792,2,3
792,8,1
792,3,5
792,10,5
792,4,3
792,6,5
792,9,3
792,5,3
792,1,3
792,7,1
793,6,3
793,8,2
793,1,3
793,5,4
793,9,2
793,4,4
793,10,2
793,3,2
793,7,1
793,2,1
794,9,2
794,7,3
794,2,2
794,3,2
794,6,1
794,4,4
794,5,3
794,1,5
794,8,3
794,10,4
795,1,3
795,4,3
795,8,3
795,10,3
795,5,3
795,9,1
795,6,4
795,2,1
795,3,4
795,7,4
796,7,4
796,10,1
796,6,2
796,2,4
796,3,3
796,1,1
796,4,3
796,8,2
796,9,4
796,5,2
797,3,5
797,2,4
797,10,5
797,9,3
797,7,5
797,8,2
797,1,3
797,4,4
797,6,3
797,5,2
798,5,3
798,4,2
798,3,3
798,2,3
798,10,1
798,8,5
798,9,1
798,6,2
798,7,1
798,1,4
799,8,1
799,3,3
799,1,4
799,7,5
799,5,5
799,9,2
799,10,5
799,2,3
799,4,1
799,6,3
800,7,4
800,5,5
800,6,4
800,9,4
800,3,1
800,4,2
800,8,5
800,1,4
800,10,3
800,2,5
801,3,3
801,10,1
801,9,2
801,2,2
801,6,3
801,7,1
801,8,4
801,5,4
801,1,3
801,4,4
802,8,1
802,4,3
802,2,4
802,1,2
802,6,1
802,7,5
802,3,3
802,9,2
802,10,5
802,5,1
803,10,2
803,3,1
803,2,1
803,7,4
803,1,3
803,4,3
803,8,3
803,9,2
803,6,1
803,5,1
804,1,4
804,8,1
804,2,2
804,5,2
804,9,4
804,3,1
804,6,3
804,4,4
804,7,3
804,10,5
805,2,4
805,5,3
805,8,4
805,7,4
805,1,1
805,6,3
805,3,1
805,9,1
805,4,5
805,10,1
806,5,2
806,4,2
806,10,3
806,9,3
806,1,5
806,2,5
806,6,1
806,3,3
806,8,5
806,7,1
807,7,3
807,4,4
807,1,5
807,8,1
807,10,3
807,3,2
807,2,4
807,5,3
807,6,1
807,9,2
808,3,1
808,2,1
808,5,1
808,10,5
808,8,4
808,6,5
808,9,4
808,7,3
808,1,4
808,4,4
809,3,2
809,4,5
809,10,3
809,6,5
809,8,2
810,3,5
810,7,1
810,9,1
810,10,1
811,2,5
811,7,3
811,10,1
811,3,3
811,8,4
811,4,3
811,9,3
811,6,2
811,5,3
811,1,4
812,3,2
812,4,3
812,5,5
813,6,2
813,10,3
813,1,1
813,2,1
813,8,3
813,5,2
813,4,1
813,7,4
813,9,3
813,3,1
814,6,4
814,3,4
814,1,3
814,4,3
814,10,4
814,9,2
814,5,1
814,8,1
814,2,1
814,7,5
815,5,1
815,6,4
815,3,2
815,9,4
815,8,3
815,10,2
815,7,4
815,1,5
815,2,3
815,4,3
816,5,1
816,8,5
816,7,5
816,9,2
816,6,3
816,10,3
816,2,5
816,4,3
816,3,4
816,1,2
817,10,2
817,4,4
817,9,2
817,1,5
817,2,4
817,7,5
817,8,2
817,3,2
817,5,1
817,6,1
818,7,2
818,8,3
818,2,5
818,6,3
818,3,1
818,10,3
818,4,3
818,5,1
818,1,4
818,9,2
819,2,3
819,4,5
819,9,4
819,1,4
819,7,2
820,1,5
820,8,2
820,7,3
820,10,2
820,2,5
820,3,1
820,5,1
820,4,2
820,9,4
820,6,2
821,4,2
821,6,3
821,8,2
821,5,4
821,9,2
821,7,2
821,1,2
821,10,1
821,2,5
821,3,3
822,1,2
822,4,4
822,9,4
822,6,4
822,7,5
822,3,3
822,5,1
822,8,3
822,10,4
822,2,4
823,7,2
823,1,4
823,9,1
823,5,5
823,2,1
824,1,4
824,7,4
824,5,5
824,2,4
824,8,3
824,10,3
824,9,1
824,6,2
824,4,1
824,3,5
825,8,3
825,9,5
825,5,4
825,2,3
825,1,3
825,3,3
825,7,5
825,6,5
825,4,4
825,10,1
826,5,1
826,3,5
826,6,3
826,1,3
826,10,4
826,4,5
826,8,3
826,7,1
826,2,3
826,9,4
827,9,1
827,4,2
827,2,2
827,1,5
827,8,1
827,10,3
827,3,1
827,6,3
827,5,5
827,7,1
828,4,4
828,5,1
828,6,3
828,10,1
828,1,1
828,7,1
828,8,4
828,2,3
828,3,1
828,9,2
829,8,2
829,5,3
829,10,5
829,2,2
829,6,1
829,1,2
829,9,1
829,7,4
829,3,5
829,4,2
830,6,4
830,1,3
830,5,3
830,7,3
830,2,3
830,9,2
830,10,1
830,4,3
830,8,4
830,3,5
831,4,2
831,1,3
831,10,1
831,8,2
831,5,3
831,9,2
831,2,3
831,6,3
831,3,2
831,7,5
832,6,4
832,7,1
832,5,1
832,4,5
832,10,5
832,1,1
832,2,2
832,3,5
832,8,4
832,9,5
833,2,1
833,1,4
833,10,2
833,8,1
