hospital_id,service_id
1,7
1,10
1,1
1,15
1,8
1,18
1,3
1,12
1,11
1,6
1,21
1,13
1,2
1,16
1,14
2,7
2,3
2,19
2,2
2,6
2,17
2,8
2,4
3,5
3,3
3,20
3,8
3,4
3,16
3,12
3,2
4,14
4,17
4,9
4,3
4,11
4,10
4,1
4,19
5,7
5,16
5,6
5,3
5,4
5,15
5,19
5,5
5,17
5,8
5,21
5,10
5,1
5,12
5,14
6,15
6,7
6,10
6,1
6,17
6,13
6,3
6,12
7,19
7,3
7,14
7,8
7,17
7,21
7,20
7,9
7,6
7,5
7,12
7,11
7,1
7,18
7,15
8,20
8,9
8,8
8,12
8,11
8,18
8,13
8,7
8,21
8,6
8,1
8,4
8,10
8,3
8,14
9,13
9,17
9,1
9,12
9,11
9,20
9,16
9,7
10,15
10,12
10,17
10,9
10,3
10,7
10,1
10,13
11,13
11,14
11,18
11,11
11,21
11,3
11,17
11,19
11,12
11,9
11,20
11,4
12,12
12,9
12,21
12,13
12,14
12,15
12,11
12,10
12,20
12,2
12,8
12,3
12,1
12,5
12,19
13,5
13,20
13,13
13,19
13,18
13,14
13,3
13,2
13,11
13,17
13,8
13,7
13,12
13,4
13,10
14,4
14,2
14,14
14,11
14,10
14,8
14,7
14,5
14,1
14,17
14,13
14,15
14,19
14,21
14,3
15,10
15,6
15,18
15,1
15,21
15,9
15,8
15,4
16,3
16,18
16,10
16,19
16,4
16,15
16,16
16,11
17,19
17,7
17,18
18,20
18,5
18,10
18,11
18,13
18,14
18,15
18,12
19,9
19,14
19,2
19,11
19,4
19,7
19,6
19,17
19,10
19,8
20,5
20,20
20,18
20,21
21,11
21,21
21,1
21,16
21,19
21,4
21,15
21,10
21,20
21,13
21,12
21,17
21,7
21,3
21,6
22,17
22,8
22,9
22,14
22,18
22,5
22,7
22,4
23,2
23,18
23,14
23,4
23,20
23,9
23,10
23,21
23,15
23,11
23,17
23,13
23,6
23,16
23,3
23,1
23,19
23,5
24,12
24,11
24,15
24,9
24,14
24,19
24,6
24,4
24,1
24,13
24,20
24,10
25,1
25,21
25,9
25,15
25,14
25,11
26,13
26,1
26,15
26,18
26,9
26,3
26,14
26,19
26,12
26,4
27,3
27,10
27,20
27,8
27,16
27,19
27,14
27,9
27,5
27,15
27,21
27,2
27,11
27,7
27,6
28,3
28,20
28,16
28,9
28,15
28,19
28,1
28,4
28,2
28,12
28,13
28,18
29,5
29,8
29,18
29,7
29,6
29,19
29,21
29,12
29,13
29,4
30,16
30,12
30,17
30,10
30,18
30,15
30,9
30,6
31,3
31,15
31,13
31,9
31,14
31,7
31,20
31,18
31,2
31,21
31,19
31,17
31,11
31,1
31,4
32,6
32,15
32,1
32,13
32,16
32,5
32,8
32,17
33,20
33,14
33,8
33,5
33,17
33,16
33,21
33,12
33,11
33,19
33,3
33,7
33,1
33,13
33,2
33,18
33,9
33,6
34,20
34,15
34,12
35,3
35,2
35,19
35,12
35,4
35,5
35,15
35,10
35,18
35,21
35,9
35,6
35,13
35,8
35,16
35,11
35,14
35,1
36,2
36,11
36,8
36,9
36,3
36,19
36,20
36,14
36,13
36,7
36,6
36,12
36,16
36,10
36,4
36,1
36,18
36,21
37,15
37,11
37,8
37,19
37,2
37,16
37,7
37,17
37,12
37,9
37,5
37,13
37,3
37,4
37,14
37,20
37,6
37,1
38,10
38,15
38,7
38,12
38,14
38,18
38,1
38,17
39,10
39,9
39,16
39,3
39,1
39,15
39,12
39,5
39,6
39,8
39,2
39,14
39,17
39,4
39,11
40,10
40,11
40,19
40,2
40,8
40,16
40,20
40,7
40,15
40,6
40,14
40,4
40,12
40,1
40,9
41,14
41,15
41,17
41,16
41,9
41,1
41,19
41,21
41,8
41,7
41,5
41,12
42,21
43,5
43,20
44,2
45,15
45,6
46,10
46,16
46,12
47,20
47,8
47,10
48,13
49,5
49,19
49,20
49,21
49,10
50,3
50,14
50,6
50,18
51,12
51,21
51,19
51,8
51,9
51,14
51,20
51,5
51,16
51,6
51,18
51,7
51,1
51,3
51,4
52,6
52,12
52,15
52,7
52,3
52,16
52,4
52,14
52,17
52,21
52,10
52,11
53,20
53,2
53,6
53,19
53,16
53,8
53,4
53,18
53,5
53,7
53,11
53,14
53,3
53,10
53,9
53,15
53,13
53,17
54,6
54,11
54,20
54,15
54,13
54,21
54,9
54,7
55,1
55,10
55,4
55,8
55,3
55,16
55,13
55,6
55,19
56,15
56,8
56,9
56,1
57,4
57,16
57,13
57,15
57,12
57,8
58,9
58,21
58,12
58,6
58,15
58,10
58,4
58,7
58,17
58,5
58,1
58,20
59,13
59,5
59,9
59,6
59,4
59,12
59,21
59,10
60,8
60,7
60,21
60,4
60,2
60,10
61,19
61,7
61,9
61,21
61,15
61,20
61,3
61,10
61,6
61,5
61,2
61,4
61,14
61,13
61,16
62,4
62,2
62,9
62,1
62,15
62,21
62,6
62,5
63,7
63,21
63,8
63,5
63,16
63,3
63,12
63,9
63,20
63,2
63,4
63,15
63,17
63,13
63,10
64,2
64,3
64,17
64,7
64,11
64,1
64,16
64,13
65,11
65,17
65,5
65,1
65,6
65,2
65,10
65,20
66,17
66,18
66,1
66,14
66,6
66,10
66,11
66,12
66,15
66,3
66,13
66,20
66,19
66,21
66,16
66,7
66,5
66,4
67,17
67,2
67,3
67,6
67,5
67,16
67,13
67,20
67,18
67,14
67,9
67,15
67,8
67,21
67,12
67,4
67,11
67,1
68,16
68,5
68,1
68,17
68,10
68,19
68,15
68,6
68,4
68,14
68,9
68,2
68,18
68,12
68,8
68,3
68,13
68,7
69,11
69,1
69,8
69,15
69,5
69,18
69,4
69,10
69,2
69,3
69,16
69,12
69,6
69,9
69,13
69,14
69,21
69,19
70,15
70,3
70,10
70,21
70,18
70,7
70,4
70,17
70,14
70,1
70,11
70,6
70,16
70,9
70,19
70,5
70,13
70,12
71,12
71,20
71,11
71,7
71,10
71,1
71,2
71,15
71,9
71,16
71,17
71,19
71,4
71,8
71,21
72,8
72,2
72,19
72,6
72,1
72,4
72,9
72,15
72,17
72,5
72,10
72,14
73,4
73,11
73,15
73,5
73,17
73,20
73,12
73,10
73,8
73,14
74,19
74,2
74,11
74,4
74,15
74,10
74,12
74,7
74,3
74,6
74,9
74,8
74,1
74,20
74,14
74,21
74,17
74,13
75,2
75,4
75,17
75,3
75,10
75,7
75,19
75,1
75,14
75,21
75,13
75,12
76,15
76,17
76,1
76,14
76,19
77,17
77,14
77,9
77,12
77,5
77,18
77,16
77,7
78,20
78,5
78,2
78,6
78,7
78,19
78,1
78,17
78,10
78,14
79,20
79,7
79,21
79,3
79,9
79,10
79,8
79,17
79,1
79,4
80,6
80,1
80,4
80,19
80,10
80,9
80,3
80,2
80,20
80,5
80,7
80,17
81,1
81,2
81,7
81,5
81,14
81,6
81,3
81,9
81,13
81,12
81,10
81,18
81,8
81,20
81,11
82,8
82,17
82,2
82,13
82,20
82,1
82,4
82,10
83,4
83,2
83,8
83,14
83,16
83,11
83,10
83,12
83,15
83,20
83,13
83,3
84,20
84,6
84,14
84,19
84,16
84,9
84,5
84,7
85,14
85,13
85,21
85,15
85,18
85,6
86,21
86,7
86,17
86,18
86,2
86,15
86,3
86,9
86,14
86,16
86,5
86,8
86,4
86,19
86,20
87,11
87,20
87,17
87,21
87,8
87,19
87,18
87,15
88,17
88,19
88,18
88,5
88,12
88,21
88,13
88,16
88,6
88,3
88,7
88,20
88,15
88,10
88,14
89,9
89,8
89,17
89,19
89,12
89,20
89,14
89,4
90,3
90,21
90,14
90,20
90,10
90,12
90,19
90,9
91,16
91,20
91,10
91,17
91,1
91,18
91,11
91,5
91,13
91,2
91,12
91,21
91,4
91,3
91,15
92,4
92,2
92,3
92,1
92,13
93,4
93,1
93,21
93,5
93,19
94,4
94,1
95,17
95,21
96,19
96,21
97,2
97,12
98,15
99,2
99,20
100,13
101,12
101,3
101,17
101,7
101,4
101,20
101,8
101,2
101,16
101,14
101,21
101,5
102,21
102,3
102,20
102,10
102,14
102,13
102,6
102,2
103,4
103,1
103,13
103,10
103,16
103,21
103,12
103,7
103,18
103,14
103,9
103,2
104,2
104,11
104,20
104,13
104,9
104,17
104,5
104,15
105,5
105,2
105,3
105,8
105,1
105,11
105,18
105,20
106,10
106,14
106,17
106,3
106,19
106,13
106,4
106,18
106,9
106,6
106,5
106,1
107,20
107,14
107,7
107,4
107,1
107,2
107,6
107,12
107,16
107,10
107,18
107,9
107,3
107,5
107,21
108,7
108,21
108,12
108,4
108,17
108,20
108,1
108,13
108,10
108,8
108,14
108,15
108,9
108,3
108,2
109,14
109,9
109,6
109,2
109,16
109,19
109,10
109,3
109,4
109,12
109,11
109,5
109,1
109,20
109,7
110,15
110,11
110,5
110,16
110,18
111,15
111,13
111,14
111,11
111,10
111,4
111,5
111,8
111,18
111,3
111,16
111,20
112,17
112,19
112,16
112,13
112,15
112,7
112,20
112,9
112,2
112,3
112,5
112,14
112,21
112,11
112,18
112,1
112,6
112,8
113,4
113,7
113,11
113,1
113,18
113,16
113,8
113,2
114,17
114,18
114,2
115,2
115,17
115,19
115,12
115,8
115,9
115,15
115,16
115,21
115,14
116,8
116,20
116,4
116,7
116,16
116,9
116,5
116,18
116,2
116,19
116,15
116,14
117,18
117,3
117,2
117,20
117,17
117,16
118,13
118,19
118,5
118,17
118,3
118,1
118,21
118,7
118,6
118,4
118,15
118,10
118,12
118,11
118,9
119,18
119,8
119,3
119,12
119,9
119,5
119,21
119,20
119,10
120,17
120,2
120,8
120,3
120,4
120,19
120,14
120,7
120,5
120,15
120,9
120,1
120,13
120,20
120,10
120,21
120,18
120,6
121,10
121,17
121,5
121,16
121,21
121,13
121,2
121,1
121,11
121,4
121,20
121,18
121,9
121,6
121,19
122,9
122,11
122,10
122,16
122,20
122,3
122,15
122,6
122,18
122,14
122,5
122,19
123,18
123,15
123,12
124,15
124,14
124,8
124,20
124,17
124,6
124,7
124,2
125,6
125,11
125,20
125,5
125,19
125,21
125,12
125,15
125,1
125,2
125,13
125,9
125,3
125,10
125,8
126,11
126,17
126,3
126,6
126,13
126,1
126,20
126,2
126,4
126,21
126,9
126,16
127,12
127,13
127,2
127,10
127,14
127,5
127,15
127,7
128,12
128,1
128,5
128,11
128,13
128,3
128,14
128,4
128,7
128,20
128,9
128,6
129,19
129,4
129,16
129,11
129,17
129,1
129,10
129,12
129,13
129,20
129,9
129,5
130,2
130,9
130,17
130,4
130,15
130,18
130,14
130,21
130,5
130,11
130,20
130,1
131,15
131,18
131,1
131,7
131,5
131,21
131,13
131,9
131,8
131,12
131,14
131,3
131,11
131,6
131,2
132,10
132,6
132,3
132,4
132,14
132,12
132,18
132,21
132,15
132,17
132,20
132,16
133,3
133,5
133,9
133,10
133,21
133,1
133,17
133,13
134,19
134,14
134,4
134,11
134,21
134,20
134,15
134,6
135,20
135,13
135,16
135,18
135,19
135,10
136,14
136,5
136,17
136,3
136,8
136,1
136,21
136,18
136,7
136,19
136,10
136,4
136,11
136,16
136,20
136,13
136,9
136,15
137,7
137,4
137,17
137,15
137,3
137,18
137,6
137,20
137,2
137,12
137,1
137,9
137,21
137,5
137,11
137,14
137,16
137,10
138,2
138,21
138,10
138,7
138,16
138,3
138,4
138,13
139,21
139,7
139,2
139,9
139,15
139,6
139,13
139,1
139,20
139,4
139,19
139,11
139,3
139,5
139,18
139,17
139,12
139,16
140,14
140,2
140,18
140,6
140,10
140,16
140,8
140,15
141,9
141,10
141,1
141,19
141,2
141,16
141,18
141,21
141,8
141,17
141,15
141,11
142,15
142,10
142,5
142,16
142,13
142,21
142,2
142,12
142,11
142,17
142,7
142,14
142,4
142,18
142,19
142,1
142,8
142,9
143,3
143,9
143,8
144,2
144,15
144,9
144,16
144,6
144,8
144,1
144,12
144,7
145,21
145,4
145,15
145,6
146,17
146,3
146,7
146,10
146,1
146,15
146,20
146,13
146,9
146,6
146,8
146,12
147,18
147,12
147,11
147,19
147,7
147,9
147,1
147,2
147,16
147,3
148,15
148,12
148,13
148,19
149,16
149,13
149,14
149,21
149,11
149,9
149,10
149,12
149,2
149,18
150,4
150,18
150,10
150,6
150,9
150,21
150,2
150,3
150,14
150,12
151,14
151,9
151,19
151,12
151,10
151,8
151,6
151,17
151,13
151,20
151,11
151,15
151,5
151,2
151,16
152,18
152,12
152,8
152,2
152,21
152,16
152,10
152,6
153,6
153,19
153,17
153,20
153,1
153,3
153,16
153,5
153,18
153,13
153,11
153,15
154,6
154,11
154,4
154,7
154,1
154,12
154,10
154,15
154,21
154,18
155,5
155,2
155,4
155,12
155,7
156,7
156,12
156,9
156,4
156,3
156,18
156,11
156,17
156,1
156,16
156,21
156,2
157,15
157,4
157,20
157,7
157,18
157,8
157,3
157,5
157,12
157,21
158,6
158,20
158,9
158,13
158,8
158,15
158,4
158,17
158,14
158,12
158,1
158,5
159,14
159,4
159,3
159,12
159,2
159,17
159,9
159,15
159,13
159,11
160,13
160,10
160,18
160,17
160,14
160,21
160,7
160,15
161,5
161,2
161,12
161,21
161,3
161,8
161,7
161,11
161,20
161,18
161,6
161,13
162,19
162,8
162,2
162,13
162,18
162,7
162,6
162,1
162,10
162,16
162,11
162,9
162,17
162,20
162,14
162,15
162,3
162,21
163,18
163,11
163,1
163,5
163,21
163,14
163,4
163,3
163,17
163,6
164,12
164,9
164,1
164,10
164,15
164,19
164,13
164,8
164,16
164,17
164,21
164,2
164,18
164,4
164,7
165,7
165,13
165,8
165,15
165,21
165,2
165,14
165,4
165,10
165,3
165,20
165,12
166,17
166,4
166,15
166,1
166,2
166,18
166,10
166,14
166,20
166,11
167,2
167,14
167,13
167,15
167,1
167,4
167,16
167,17
167,20
167,9
167,10
167,18
167,19
167,12
167,8
167,3
167,5
167,7
168,5
168,3
168,14
168,10
168,16
168,15
168,21
168,11
168,1
168,8
168,17
168,20
168,4
168,18
168,13
169,19
169,7
169,17
169,18
169,12
169,9
169,21
169,1
170,19
170,5
170,14
170,20
170,13
170,9
170,3
170,10
170,1
170,17
170,15
170,16
171,3
171,20
171,12
171,18
171,8
171,13
171,6
171,7
171,1
171,19
171,15
171,17
172,6
172,10
172,20
172,7
172,15
172,3
172,21
172,11
172,16
172,17
172,8
172,18
172,13
172,5
172,19
172,9
172,4
172,2
173,7
173,5
173,16
173,2
173,21
173,14
173,19
173,4
174,6
174,14
174,15
174,20
174,2
175,7
175,1
175,8
175,9
175,6
175,21
175,16
175,3
175,17
176,14
176,2
176,17
176,5
176,18
176,21
176,20
176,7
176,16
176,3
176,15
176,11
176,6
176,9
176,1
176,8
176,19
177,21
177,12
177,14
177,8
177,2
177,6
177,17
178,9
178,18
178,6
178,11
178,5
178,19
178,16
178,1
178,12
178,4
178,10
178,2
178,17
178,8
178,13
178,21
179,3
179,14
179,11
179,1
179,5
179,21
180,8
180,12
180,6
180,3
180,11
180,21
180,19
180,9
180,13
180,1
181,17
181,5
181,8
181,14
181,15
181,3
181,19
181,2
181,20
181,11
181,13
181,7
181,4
181,10
181,6
182,18
182,16
182,21
182,11
182,13
182,7
182,19
182,14
182,12
182,20
183,13
183,19
183,11
184,18
184,8
184,14
184,15
184,10
184,6
184,3
184,17
184,11
184,5
184,21
184,20
185,7
185,17
185,4
185,18
185,13
185,21
185,15
185,5
185,9
185,16
185,20
185,8
185,12
185,19
185,10
186,4
186,9
186,8
186,21
186,6
186,3
186,11
186,2
186,1
186,18
186,19
186,10
186,16
186,14
186,17
186,20
186,7
186,13
187,1
187,2
187,6
187,17
187,3
187,8
187,12
187,10
187,4
187,5
187,16
187,13
188,9
188,5
188,7
188,12
188,8
188,11
188,2
188,13
188,21
188,20
189,17
189,14
189,12
189,19
189,15
189,1
189,18
189,11
190,4
190,14
190,2
190,16
190,1
190,11
190,13
190,9
190,21
190,12
190,5
190,6
190,3
190,17
190,18
190,19
190,10
190,15
191,3
191,11
191,2
191,10
191,12
191,15
191,14
191,6
191,4
191,20
191,13
191,17
191,8
191,9
191,18
192,4
192,7
192,9
192,15
192,13
192,10
192,19
192,2
192,21
192,17
192,14
192,16
192,6
192,12
192,11
192,20
192,8
192,5
193,11
193,8
193,21
193,4
193,3
193,20
193,10
193,1
194,12
194,3
194,10
194,16
194,1
194,17
194,18
194,15
195,3
195,17
195,15
195,19
195,20
195,9
195,7
195,18
196,17
196,14
196,5
196,12
196,8
196,18
196,6
196,7
197,2
197,12
197,8
198,5
198,16
198,14
198,20
198,7
198,17
198,8
198,18
199,18
199,5
199,15
199,7
199,6
199,21
199,9
199,8
200,4
200,6
200,15
200,10
200,7
200,1
200,16
200,14
201,10
201,20
201,15
201,13
201,4
201,21
201,11
201,1
201,18
201,12
201,6
201,19
201,16
201,3
201,7
202,20
202,18
202,4
202,16
202,12
202,13
202,2
202,21
203,6
203,19
203,12
203,7
203,2
203,14
203,11
203,17
203,4
203,9
203,8
203,13
203,3
203,15
203,16
204,3
204,6
204,12
204,11
204,17
204,19
204,16
204,13
205,9
205,10
205,15
205,8
205,6
205,18
205,14
205,13
205,16
205,20
205,17
205,19
205,3
205,11
205,21
206,5
206,2
206,4
206,8
206,6
206,9
206,17
206,11
207,5
207,20
207,7
207,19
207,13
207,14
207,17
207,16
208,4
208,10
208,17
208,19
208,20
209,2
209,16
209,4
209,13
209,11
209,7
209,18
209,15
209,5
209,1
209,9
209,10
209,14
209,20
209,8
210,10
210,5
210,3
210,4
210,16
210,14
210,19
210,18
211,21
211,13
211,1
211,10
211,5
211,9
211,17
211,19
211,2
211,8
211,18
211,6
212,10
212,8
212,1
212,15
212,6
212,18
212,3
212,21
213,16
213,13
213,4
213,15
213,10
213,11
214,4
214,18
214,3
214,2
215,18
215,7
215,12
215,19
215,13
215,15
215,11
215,1
215,2
215,4
215,3
215,10
216,3
216,21
216,20
216,9
216,18
216,19
217,2
217,21
217,3
217,8
217,9
218,16
218,10
218,6
218,8
219,9
219,19
219,8
219,17
219,11
219,15
219,14
219,1
219,4
219,6
219,7
219,13
220,17
220,9
220,2
220,12
220,8
220,11
220,10
220,7
220,3
220,5
220,6
220,14
220,15
220,16
220,18
221,19
221,9
221,10
221,18
221,15
221,21
221,4
221,5
221,12
221,2
221,11
221,6
221,8
221,16
221,3
222,4
222,20
222,10
222,1
222,6
223,9
223,12
223,4
223,13
223,11
223,17
223,8
223,2
223,7
223,10
223,20
223,14
224,17
224,8
224,19
224,16
224,4
224,9
224,3
224,15
224,2
224,20
225,2
225,9
225,14
225,4
225,19
225,3
225,5
225,17
226,1
226,2
226,18
226,7
226,14
226,12
226,13
226,9
226,6
226,10
226,4
226,8
227,16
227,6
227,11
227,1
227,7
227,2
227,20
227,12
228,13
228,19
228,16
228,10
228,7
228,4
229,1
229,9
229,16
229,10
229,7
230,11
230,13
230,10
231,3
231,14
231,15
231,2
231,21
231,8
231,16
231,1
231,7
231,11
231,19
231,9
232,6
232,10
232,16
232,5
232,11
232,9
232,14
232,7
232,17
232,12
232,19
232,15
232,4
232,20
232,3
232,21
232,2
232,1
233,13
233,1
233,19
233,17
233,18
233,10
233,9
233,5
234,4
234,15
234,20
234,8
234,10
234,21
234,16
234,13
235,7
235,1
235,9
235,21
235,3
235,14
235,12
235,5
235,2
235,6
235,4
235,8
236,4
236,17
236,16
236,2
236,19
236,6
236,20
236,1
236,7
236,3
236,14
236,11
236,5
236,18
236,10
237,19
237,15
237,5
237,10
237,14
237,3
237,8
237,4
237,17
237,11
237,21
237,13
238,7
238,16
238,19
238,13
238,9
238,8
238,15
238,14
238,6
238,10
239,18
239,2
239,17
239,16
239,8
239,4
239,14
239,19
239,5
239,21
240,11
240,17
240,20
240,14
240,15
241,21
241,7
241,3
241,5
241,11
241,9
241,2
241,18
241,15
241,20
241,17
241,19
242,17
242,8
242,10
243,2
243,11
243,7
243,8
243,19
243,18
243,15
243,10
243,21
243,17
243,5
243,6
243,13
243,1
243,12
243,4
243,16
243,20
244,12
244,9
244,16
244,21
244,3
244,19
244,10
244,15
244,6
244,13
244,5
244,4
245,20
245,3
245,1
245,21
245,19
245,15
245,14
245,11
246,6
246,5
246,2
246,18
246,16
246,11
247,10
247,12
247,21
247,7
247,3
247,4
247,19
247,13
248,17
248,3
248,21
248,6
248,16
248,1
248,18
248,15
249,3
249,5
249,19
249,11
249,15
249,12
249,13
249,18
249,21
249,9
249,2
249,4
249,16
249,20
249,7
250,1
250,17
250,12
250,13
250,11
250,20
250,9
250,16
250,4
250,8
250,15
250,6
250,5
250,7
250,14
251,12
251,19
251,6
251,7
251,16
251,11
251,13
251,20
251,14
251,1
251,17
251,9
252,15
252,5
252,19
252,14
252,3
252,17
252,18
252,6
252,13
252,11
252,8
252,21
252,7
252,4
252,12
253,1
253,9
253,11
253,7
253,14
253,6
253,12
253,19
253,13
253,4
253,15
253,10
253,5
253,18
253,2
253,21
253,17
253,8
254,7
254,9
254,2
254,4
254,13
254,14
254,20
254,10
255,3
255,7
255,17
255,8
255,11
255,5
255,14
255,15
255,16
255,6
255,20
255,2
256,10
256,2
256,11
256,14
256,13
256,9
256,15
256,1
256,16
256,8
257,10
257,3
257,17
257,21
257,2
257,15
258,13
258,2
258,20
258,21
258,9
259,19
259,6
259,9
259,4
259,14
259,11
259,18
259,13
259,17
259,8
260,4
260,3
260,12
260,16
260,8
260,2
260,5
260,14
261,7
261,20
261,2
261,18
261,3
261,5
261,6
261,16
261,10
261,14
261,9
261,8
262,21
262,12
262,15
262,4
262,13
262,7
262,16
262,14
262,10
262,8
262,17
262,11
262,2
262,19
262,3
263,2
263,19
263,10
263,13
263,18
263,5
263,12
263,16
264,3
264,12
264,10
264,21
264,5
264,7
264,18
264,11
264,8
264,20
264,19
264,2
265,13
265,5
265,18
265,3
265,7
265,10
265,14
265,20
266,19
266,17
266,1
266,3
266,2
266,14
266,20
266,16
267,4
267,1
267,19
267,17
267,6
267,5
267,9
267,18
267,16
267,10
267,12
267,14
267,20
267,8
267,21
267,7
267,2
267,13
268,1
268,17
268,20
268,2
268,3
268,5
268,8
268,21
268,15
268,12
268,19
268,14
268,9
268,10
268,4
268,13
268,18
268,6
269,10
269,21
269,5
269,8
269,4
269,14
269,15
269,7
269,16
269,12
269,9
269,13
269,11
269,1
269,6
269,2
269,18
269,19
270,8
270,15
270,6
270,19
270,12
270,21
270,3
270,14
270,9
270,20
271,14
271,20
271,3
271,4
271,13
271,12
271,2
271,7
271,16
271,1
271,9
271,11
272,10
272,6
272,20
272,8
272,12
272,14
272,5
272,13
272,4
272,9
272,2
272,1
272,17
272,3
272,15
272,21
272,7
272,18
273,16
273,21
273,14
273,3
273,19
273,9
273,6
273,5
273,18
273,2
274,15
274,2
274,12
274,21
274,6
274,8
274,11
274,5
275,3
275,14
275,21
275,9
275,16
275,6
275,20
276,21
276,12
276,14
277,7
277,12
277,14
277,16
277,6
277,1
277,18
277,20
277,2
277,19
277,17
277,15
278,7
278,13
278,18
278,3
278,17
278,15
278,11
278,19
278,16
278,12
279,1
279,6
279,12
279,17
279,20
280,10
280,5
280,18
280,15
280,1
280,6
280,19
280,2
281,4
281,19
281,12
281,10
281,21
281,11
281,20
281,15
281,1
281,16
281,7
281,9
281,18
281,3
281,5
282,2
282,3
282,20
282,16
282,13
282,15
282,19
282,5
282,4
282,10
283,3
283,6
283,18
283,21
283,2
284,12
284,7
284,19
284,2
284,10
284,9
284,18
284,13
285,19
285,15
285,2
285,13
285,6
285,8
285,16
285,11
285,5
286,20
286,8
286,12
286,21
286,2
286,13
287,6
287,17
287,12
287,15
287,19
287,16
287,9
287,7
287,13
287,10
287,2
287,11
288,7
288,16
288,10
288,20
288,1
288,3
288,9
288,11
288,13
288,15
288,6
289,15
289,16
289,3
289,1
289,6
289,21
289,2
289,4
289,12
289,17
289,10
289,9
289,14
289,11
289,5
289,7
289,20
289,18
290,9
290,3
290,16
290,14
290,13
290,17
290,5
290,1
290,21
290,10
290,18
290,6
290,15
290,11
290,8
290,20
290,12
290,4
290,7
291,7
291,5
291,18
291,15
291,19
291,2
291,6
291,14
291,11
291,16
291,17
291,20
292,15
292,18
292,5
292,6
292,10
292,21
292,20
292,13
293,12
293,16
293,19
293,11
293,14
293,18
293,3
293,7
293,6
293,5
294,15
294,12
294,2
294,14
294,11
294,16
294,3
294,17
294,18
294,5
294,1
294,6
294,19
294,20
294,4
294,13
294,7
294,8
295,9
295,8
295,16
295,3
295,19
295,18
295,21
295,5
295,14
295,11
295,15
295,6
295,2
295,1
295,17
296,10
296,7
296,16
296,5
296,9
296,8
296,1
296,6
296,11
297,4
297,19
297,8
297,18
297,6
297,2
297,10
297,14
297,17
297,11
297,3
297,15
297,12
297,20
297,21
297,7
297,9
297,1
298,5
298,19
298,4
298,16
298,15
298,1
298,17
298,3
298,7
298,8
298,12
298,11
299,5
299,2
299,13
299,20
299,12
299,19
299,10
299,15
299,16
299,4
300,4
300,3
300,8
300,16
300,13
300,1
300,17
300,10
301,19
301,7
301,1
301,20
301,17
301,9
301,11
301,13
301,2
301,4
301,16
301,12
301,6
301,8
301,18
302,11
302,13
302,5
302,8
302,14
302,10
302,4
302,9
302,19
302,3
302,21
302,2
302,18
302,15
302,6
302,16
302,12
302,17
303,4
303,10
303,16
303,15
303,2
303,6
303,8
303,13
303,3
303,19
303,17
303,20
304,21
304,17
304,8
304,18
304,2
304,16
304,20
304,6
305,19
305,9
305,1
305,14
305,2
305,16
306,10
306,13
306,18
306,20
306,11
306,12
306,16
306,9
306,21
306,4
307,19
307,4
307,6
307,3
307,9
307,16
307,5
307,1
307,12
308,21
308,4
308,19
308,17
308,11
308,16
308,6
309,20
309,5
309,21
309,17
309,13
309,1
309,3
309,14
309,18
309,4
309,16
310,20
310,13
310,10
310,1
311,4
311,14
311,5
311,11
311,12
311,16
311,15
311,20
312,8
312,7
312,12
312,1
312,9
313,16
313,14
313,15
313,17
313,20
313,12
313,3
313,21
313,19
314,21
314,15
315,2
315,18
315,20
315,17
315,6
315,3
315,4
315,15
315,7
315,14
315,21
315,8
316,18
316,9
316,13
316,12
316,6
317,4
317,10
317,15
317,3
317,13
317,21
317,9
317,16
318,13
318,6
318,2
318,15
318,10
318,14
318,16
318,19
318,21
318,3
318,20
319,9
319,1
319,18
319,14
319,8
319,21
319,17
319,13
319,16
319,4
320,9
320,8
320,20
320,13
320,16
320,11
320,19
320,21
321,15
321,8
321,12
321,11
321,16
321,10
321,20
321,18
321,13
321,5
321,2
321,7
321,1
321,17
321,14
322,6
322,8
322,13
322,15
322,20
322,3
322,7
322,1
323,3
323,2
323,17
323,9
323,10
323,13
323,4
323,6
324,13
324,8
324,11
324,3
324,4
324,21
324,9
324,7
325,10
325,2
325,15
326,10
326,5
326,14
327,11
327,10
327,17
328,21
328,6
328,19
328,14
328,16
328,3
328,4
328,2
329,1
329,12
329,6
329,7
329,21
329,17
329,4
329,15
330,9
330,21
330,7
331,17
331,10
331,6
331,14
331,3
331,9
331,15
331,20
331,8
331,4
332,2
332,4
332,18
332,17
332,8
332,9
332,6
332,12
332,14
332,1
332,13
332,19
332,11
332,21
332,20
333,12
333,7
333,18
334,7
334,17
334,13
334,3
334,6
334,11
334,5
334,19
335,5
335,15
335,20
335,3
335,17
335,4
335,16
335,18
335,9
335,6
335,19
335,7
336,10
336,16
336,21
336,9
336,8
336,6
337,8
337,3
337,16
337,21
337,20
337,19
337,15
337,1
337,10
338,19
338,14
338,8
338,5
339,11
339,18
340,1
340,20
340,11
340,15
340,2
340,7
340,9
340,3
340,16
340,21
341,6
341,5
341,19
341,8
341,13
341,1
341,20
341,10
342,9
342,20
342,6
342,18
342,11
342,8
342,17
342,12
342,16
343,9
343,16
343,7
343,8
343,3
343,17
343,15
343,10
343,5
343,2
344,1
344,12
344,17
344,5
344,10
344,8
345,4
345,2
345,20
346,16
346,19
346,1
346,5
347,11
347,4
347,19
347,9
347,6
347,12
347,1
348,8
348,18
348,13
348,17
348,11
349,2
349,10
349,5
349,3
350,14
350,19
350,1
350,4
350,12
350,9
351,15
351,8
351,6
351,10
351,21
351,14
351,7
351,4
352,5
352,18
352,1
352,11
352,2
352,20
352,15
352,7
352,21
352,19
352,17
352,8
352,6
352,3
352,14
353,2
353,1
353,15
354,16
354,11
354,7
354,21
354,9
354,12
354,3
354,20
355,3
355,10
355,17
355,13
355,8
355,5
355,4
355,15
356,20
356,11
356,5
356,4
356,9
356,16
356,2
356,7
357,8
357,21
357,17
357,6
357,1
357,4
357,7
357,19
358,21
358,7
358,19
358,17
358,14
358,2
358,3
358,13
359,8
359,1
359,6
359,10
359,12
359,13
359,15
359,17
360,4
360,12
360,3
360,7
360,13
360,14
360,17
360,18
361,15
361,12
361,6
361,1
361,8
361,14
361,9
361,4
362,19
362,5
362,11
362,14
362,9
362,12
362,8
362,17
362,15
363,11
363,17
363,1
363,15
363,14
363,5
364,16
364,15
364,11
364,9
364,18
364,14
364,7
365,8
365,5
365,1
365,14
365,12
365,20
366,12
366,5
366,1
366,15
366,21
367,14
367,13
367,18
367,8
367,1
367,17
367,7
367,6
367,4
367,15
367,11
367,9
367,16
367,2
367,12
368,13
368,19
368,15
368,18
368,12
368,21
368,17
368,10
368,3
368,7
368,14
368,2
368,4
368,16
368,5
368,11
368,9
368,8
369,7
369,20
369,19
369,18
369,9
369,13
369,1
369,14
370,15
370,20
370,4
371,14
371,4
371,11
371,17
371,7
371,1
371,9
371,6
371,5
371,3
371,15
371,18
371,21
371,19
371,10
372,4
372,2
372,10
372,20
372,14
372,13
372,19
372,8
372,6
372,11
372,9
372,5
373,10
373,15
373,6
373,8
373,20
373,5
373,21
373,16
374,7
374,5
374,4
374,9
374,8
374,19
374,11
374,3
375,1
375,10
375,4
375,12
375,11
375,3
375,13
375,19
376,3
376,7
376,19
376,17
376,20
376,8
376,4
376,16
377,15
377,11
377,19
377,2
377,12
377,4
377,5
377,9
378,6
378,2
378,4
378,18
378,1
378,21
378,10
378,3
379,9
379,18
379,12
380,21
380,11
380,4
380,6
380,17
380,1
380,13
380,5
381,3
381,18
381,14
381,21
381,13
381,15
381,11
381,8
382,15
382,1
382,20
382,3
382,6
382,5
382,12
382,11
382,4
382,21
382,16
382,13
382,17
382,7
382,14
383,18
383,6
383,8
383,17
383,9
383,15
383,19
383,1
383,5
383,4
383,13
383,10
383,16
383,14
383,11
383,2
383,7
383,20
384,6
384,8
384,7
384,15
384,14
384,4
385,8
385,4
385,17
385,13
385,21
385,15
385,2
385,14
385,19
386,11
386,10
386,8
386,4
386,12
386,6
386,16
386,9
387,12
387,11
387,3
387,13
387,15
387,19
387,18
387,14
387,1
387,17
388,4
388,18
388,9
388,19
388,7
389,20
389,18
389,14
389,2
389,10
389,16
389,12
389,6
389,8
389,19
389,5
389,15
389,4
389,9
389,1
390,13
390,9
390,14
390,12
390,10
390,20
391,5
391,10
391,16
391,15
391,2
391,11
391,7
391,19
391,1
391,8
391,3
391,21
392,18
392,7
392,15
392,10
392,8
392,1
392,20
392,12
392,17
392,2
392,13
392,9
392,5
392,14
392,11
393,5
393,14
393,6
393,18
393,21
393,4
394,1
394,15
394,20
394,17
394,11
395,1
395,19
395,5
395,16
395,7
395,10
395,14
395,18
396,7
396,9
396,4
396,10
396,17
396,12
396,16
397,9
397,15
397,14
397,8
397,19
398,21
398,3
398,19
398,5
398,16
398,20
399,13
399,3
399,2
399,1
400,20
400,15
400,13
400,7
400,4
401,5
401,17
401,4
401,8
401,12
401,9
401,11
401,19
402,14
402,6
402,11
402,17
402,10
402,7
402,9
403,13
403,4
403,3
403,17
403,12
403,9
404,21
404,2
404,18
404,16
404,4
405,4
405,20
405,21
405,18
405,8
406,10
406,7
406,20
406,16
406,19
406,12
406,5
406,1
406,4
406,14
406,21
406,3
406,15
406,13
406,17
407,7
407,12
407,1
407,3
408,6
408,18
408,15
409,15
409,21
409,17
409,9
409,20
409,18
409,13
409,11
410,5
410,2
410,7
410,8
410,3
410,13
410,11
411,7
411,20
411,17
411,8
411,3
411,16
411,11
411,1
411,19
411,4
412,19
412,8
412,21
412,20
412,1
412,6
412,9
412,13
413,2
413,14
413,4
413,5
413,7
413,19
413,17
413,20
413,8
414,20
414,6
414,13
414,17
414,12
414,15
414,19
414,16
415,19
415,11
415,7
415,6
415,17
415,16
415,4
415,21
416,18
416,20
416,2
416,3
416,21
416,4
417,9
417,19
417,5
417,18
417,15
417,3
418,4
418,20
418,14
418,8
419,5
419,11
419,20
419,10
420,8
420,17
420,18
420,21
421,12
421,5
421,16
421,10
421,9
421,4
421,13
421,20
422,6
422,9
422,14
422,15
422,21
422,8
422,3
422,1
422,11
422,13
422,5
422,18
422,19
422,16
422,10
422,2
422,12
422,20
423,21
423,20
423,13
423,19
423,18
423,1
423,8
423,10
423,11
423,2
423,16
423,17
424,7
424,5
424,19
424,11
424,4
424,14
424,21
424,15
424,6
424,9
424,1
424,12
424,3
424,17
424,10
425,12
425,13
425,15
425,17
425,8
425,10
425,1
425,4
425,2
426,14
426,4
426,9
426,16
426,21
426,1
426,12
426,19
426,8
426,13
426,20
426,18
426,5
426,10
426,15
426,3
426,6
426,2
427,18
427,20
427,7
427,17
427,5
427,21
427,1
427,10
427,16
427,2
428,9
428,13
428,8
428,7
428,12
428,11
428,10
428,19
428,6
428,15
428,21
428,16
428,3
428,17
428,14
428,4
428,2
428,20
428,18
428,1
429,18
429,13
429,14
429,6
429,4
429,8
430,18
430,14
430,21
430,7
430,5
430,19
430,2
430,17
430,10
430,6
430,4
430,16
430,9
430,3
430,13
430,20
430,15
430,12
431,18
431,9
431,14
431,3
431,8
431,16
431,6
431,12
432,11
432,19
432,20
432,7
432,9
432,3
433,2
433,19
433,15
433,5
433,12
433,6
434,3
434,20
434,2
434,11
434,8
434,13
434,4
434,19
434,17
434,15
434,1
434,10
434,12
434,6
434,14
435,15
435,3
435,9
435,21
435,12
435,7
436,7
436,14
436,4
436,13
436,8
436,1
436,9
436,21
436,20
436,3
436,12
436,17
437,18
437,1
437,20
437,11
437,21
437,2
437,3
437,4
437,19
437,17
437,9
437,13
438,7
438,1
438,9
438,17
438,3
438,16
438,2
438,4
438,13
438,6
438,5
438,12
438,18
438,15
438,10
439,1
439,7
439,12
439,15
439,18
439,16
439,4
439,19
439,2
439,21
439,5
439,10
440,16
440,20
440,4
440,18
440,8
440,7
440,12
440,5
440,21
440,9
441,8
441,20
441,5
441,13
441,9
441,11
441,2
441,18
441,7
441,21
441,6
441,17
441,10
441,16
441,4
442,3
442,4
442,1
442,7
442,19
442,11
442,20
442,17
443,20
443,8
443,21
443,14
443,19
443,15
443,4
443,17
443,3
443,12
443,7
443,1
443,9
443,6
443,13
443,11
443,16
443,2
444,5
444,17
444,20
444,3
444,21
444,15
444,18
444,13
444,8
444,14
444,16
444,9
445,1
445,15
445,8
445,20
445,10
445,12
446,2
446,11
446,6
446,10
446,17
446,8
446,20
446,5
446,19
446,13
447,8
447,18
447,15
447,3
447,12
447,6
447,4
447,1
447,2
447,10
448,20
448,11
448,12
448,7
448,4
448,14
448,13
448,15
448,5
448,3
448,1
448,18
449,2
449,5
449,12
450,4
450,1
450,20
450,10
451,16
451,14
451,5
452,8
452,2
452,15
452,9
452,1
452,16
452,14
452,21
452,17
452,4
452,11
452,3
452,12
452,10
452,19
453,9
453,18
453,4
453,15
453,13
453,3
453,8
453,2
453,6
453,10
453,14
453,7
454,10
454,5
455,8
455,21
455,10
455,1
455,5
455,20
456,3
456,20
456,17
456,11
456,5
456,13
456,2
456,4
456,21
456,8
456,6
456,7
456,12
456,10
456,15
456,1
456,9
456,19
457,15
457,10
457,9
457,21
457,11
457,19
457,14
457,18
457,5
457,12
457,3
457,17
457,16
457,7
457,2
458,17
458,8
458,7
458,3
458,10
458,15
458,16
458,4
458,18
458,2
458,6
458,12
459,10
459,13
459,1
459,6
460,17
460,4
460,13
460,14
460,16
460,7
460,6
460,19
460,18
460,11
460,1
460,2
460,20
460,10
460,9
460,21
460,12
460,5
461,13
461,6
461,9
461,3
461,12
461,1
461,21
461,2
461,16
461,5
461,19
461,10
462,11
462,14
462,12
464,1
464,13
464,10
464,7
464,11
464,9
464,8
464,2
464,4
464,15
465,16
465,15
465,20
465,19
465,5
465,11
465,6
465,12
466,17
466,1
466,3
466,19
466,11
466,9
466,18
466,8
466,6
466,5
466,4
466,21
466,13
466,2
466,15
466,10
466,20
466,12
468,21
468,4
468,1
468,11
468,2
469,7
469,14
469,6
469,13
469,15
469,1
469,2
469,16
469,11
469,17
469,3
469,10
471,17
471,12
471,11
471,9
471,4
471,5
471,13
471,8
471,10
471,15
471,2
471,3
472,10
472,9
472,2
472,21
472,14
472,4
472,5
472,1
473,16
473,3
473,19
474,14
474,2
475,3
475,20
475,19
475,4
475,10
475,21
476,10
476,20
476,7
476,8
477,1
477,10
477,19
477,3
477,16
477,18
477,13
477,17
477,20
477,9
477,12
477,14
477,21
477,15
477,4
478,12
478,2
478,21
478,15
478,7
478,6
478,14
478,9
478,1
478,10
478,8
478,11
479,16
479,12
479,14
479,15
479,3
479,21
479,19
479,20
480,10
480,6
480,1
480,12
480,3
480,15
480,16
480,5
480,13
480,17
481,18
481,11
481,10
481,14
481,15
481,20
481,21
481,8
481,13
481,17
481,2
481,19
482,1
482,2
482,6
482,14
482,5
482,10
483,21
483,10
483,18
483,16
483,15
483,2
483,14
483,8
484,13
484,7
484,18
484,9
484,8
484,14
484,20
484,4
484,11
484,21
484,19
484,15
484,6
484,2
484,12
484,10
484,17
484,3
485,9
485,20
485,18
485,21
485,5
485,11
485,7
485,8
485,1
485,13
485,19
485,4
485,10
485,14
485,3
486,15
486,11
486,9
486,2
486,10
486,1
486,19
486,4
486,21
486,16
486,17
486,18
487,11
487,13
487,5
487,1
488,20
488,3
488,6
488,15
488,9
489,7
489,2
489,4
489,10
489,16
489,6
489,1
489,21
489,17
489,3
489,19
489,9
489,20
489,14
489,5
489,13
489,12
489,8
490,11
490,9
490,5
490,13
490,21
490,10
490,20
490,4
490,2
490,18
490,17
490,16
490,7
490,8
490,6
490,3
490,12
490,1
491,3
491,19
491,13
491,9
491,5
491,6
491,12
491,21
491,8
491,18
491,11
491,2
491,15
491,7
491,1
492,2
492,16
492,13
492,19
492,9
492,15
492,5
492,3
492,1
492,17
492,11
492,14
493,5
493,4
493,12
493,7
493,11
493,8
493,18
493,14
493,15
493,3
494,1
494,6
494,7
494,2
494,14
494,20
494,5
494,18
494,10
494,3
494,13
494,4
495,9
495,3
495,5
495,7
495,21
495,20
495,1
495,18
496,4
496,10
496,19
496,8
496,18
496,6
496,20
496,13
497,1
497,2
497,17
497,12
497,20
497,9
497,11
497,19
497,18
497,6
497,4
497,5
497,3
497,14
497,7
498,4
498,18
498,1
498,2
498,14
498,9
498,19
498,12
499,9
499,15
499,19
499,17
499,20
499,13
499,18
499,6
500,14
500,5
500,19
500,8
500,15
500,3
500,18
500,4
501,6
501,16
501,11
501,3
501,12
501,4
501,7
501,10
501,15
501,2
501,20
501,5
501,14
501,21
501,8
502,12
502,15
502,21
503,7
503,4
503,1
503,8
503,18
503,16
503,21
503,9
503,5
503,3
504,10
504,11
504,6
504,18
504,20
504,8
504,4
504,7
504,14
504,19
504,13
504,1
504,2
504,16
504,3
505,13
505,10
505,3
505,2
505,21
505,9
505,19
505,15
506,1
506,8
506,21
506,16
506,10
506,6
506,19
506,14
507,2
507,20
507,10
507,3
507,14
507,4
507,9
507,13
508,14
508,5
508,12
508,16
508,20
509,5
509,17
509,16
509,1
509,6
509,2
509,12
509,14
510,15
510,6
510,2
510,12
510,8
510,11
510,10
510,14
510,21
510,19
510,4
510,20
510,5
510,18
510,13
511,15
511,8
511,12
511,16
511,4
511,7
511,17
511,5
512,6
512,16
512,3
512,13
512,21
512,9
512,19
512,20
512,10
512,2
512,12
512,5
512,1
512,18
512,14
513,15
513,19
513,17
514,19
514,20
514,6
514,12
514,10
514,8
514,13
514,16
514,9
514,2
515,15
515,11
515,3
515,20
515,19
516,14
516,21
516,6
516,15
516,10
516,5
516,11
516,1
516,18
517,10
517,19
517,20
517,8
517,16
517,7
517,17
518,7
518,8
518,3
518,12
518,6
518,18
518,17
518,16
518,10
518,9
518,14
518,1
518,4
518,15
518,20
518,21
518,5
518,11
519,17
519,4
519,2
519,14
519,11
519,10
519,18
519,21
519,8
519,9
519,1
519,16
520,1
520,2
520,15
520,18
520,6
520,11
520,10
520,5
520,13
520,12
520,19
520,16
520,8
520,7
520,17
521,9
521,18
521,1
521,4
521,3
521,16
521,11
521,7
521,12
521,6
521,17
521,13
522,11
522,1
522,16
522,5
522,8
522,4
522,20
522,17
523,11
523,8
523,21
523,15
523,17
523,20
523,10
523,4
523,7
523,5
524,19
524,16
524,8
524,13
524,3
525,14
525,5
525,19
525,15
525,4
525,8
525,12
525,16
525,10
525,13
525,7
525,2
525,21
525,17
525,9
525,1
525,6
525,11
526,10
526,11
526,7
526,16
527,21
527,6
527,2
527,8
527,1
527,11
527,14
527,10
527,18
527,15
527,5
527,3
528,5
528,7
528,20
528,16
528,2
528,18
528,4
528,9
528,15
528,10
528,1
528,11
528,19
528,12
528,8
529,1
529,6
529,14
529,19
529,11
529,20
529,3
529,15
529,5
529,9
529,17
529,16
529,13
529,2
529,18
529,10
529,7
529,4
530,9
530,3
530,4
530,13
530,17
530,15
530,10
530,1
530,20
530,18
531,1
531,3
531,19
531,16
531,21
531,11
531,9
531,5
532,19
532,18
532,14
533,1
533,4
533,5
533,14
533,12
533,8
533,15
533,7
533,20
533,13
533,18
533,6
533,19
533,16
533,11
534,7
534,11
534,10
534,1
534,13
534,4
534,17
534,9
534,3
534,18
534,20
534,8
534,14
534,16
534,6
534,19
534,2
534,15
535,14
535,12
535,10
535,15
535,5
535,11
535,7
535,13
535,2
536,6
536,17
536,5
536,20
536,2
536,7
537,7
537,1
537,5
537,9
537,17
537,6
537,15
537,21
537,3
537,14
537,11
537,8
538,2
538,8
538,18
538,21
538,12
538,5
538,11
538,14
538,4
538,10
539,5
539,17
539,11
539,4
539,10
539,7
539,14
539,13
539,19
539,1
539,6
539,18
540,12
540,5
540,15
540,4
540,11
540,18
540,9
540,21
540,16
540,14
540,2
540,3
540,20
540,6
540,1
541,14
541,19
541,2
541,21
541,18
541,1
541,9
541,15
541,7
541,6
541,12
541,5
542,3
542,15
542,13
542,2
542,9
542,1
542,11
542,21
543,7
543,13
543,19
543,17
543,9
543,6
543,3
543,16
543,10
544,15
544,17
544,14
545,19
545,21
545,14
545,16
545,13
545,4
546,11
546,6
546,17
546,15
546,20
546,13
546,19
546,18
546,1
546,21
546,14
546,9
547,17
547,6
547,2
547,9
547,8
548,17
548,20
548,6
548,1
548,12
548,10
548,13
548,9
548,4
548,19
549,15
549,16
549,11
549,18
549,5
549,2
549,9
549,19
549,21
549,8
549,4
549,14
550,17
550,7
550,9
550,14
550,16
550,15
550,8
550,5
550,6
551,13
551,2
551,9
551,12
551,19
551,7
551,3
551,8
552,20
552,1
552,16
552,11
552,8
552,19
552,3
552,7
552,2
553,10
553,16
553,13
553,20
553,11
553,19
553,14
553,9
553,7
553,6
553,15
553,8
553,18
553,4
553,21
554,5
554,16
554,13
554,19
554,21
554,15
554,11
554,20
554,12
554,18
554,3
554,4
554,6
554,9
554,7
554,2
554,1
554,8
555,11
555,6
555,18
555,5
555,1
555,9
555,14
555,3
555,10
555,4
555,8
555,21
555,12
555,15
555,19
555,13
555,20
556,17
556,9
556,10
556,16
556,21
556,11
556,18
556,15
556,7
556,20
556,4
556,6
556,19
556,13
556,12
556,5
557,16
557,18
557,4
557,9
557,12
557,21
557,11
557,8
557,14
557,3
557,10
557,19
557,6
557,7
557,1
557,15
557,2
557,20
557,13
558,17
558,13
558,2
558,9
558,5
558,6
558,3
558,1
558,19
558,21
558,8
558,18
558,16
558,10
559,6
559,17
559,21
559,5
559,15
559,11
559,13
559,16
559,3
559,20
559,9
559,4
559,14
559,8
559,2
559,19
559,7
559,12
559,10
559,1
560,3
560,19
560,11
560,21
560,17
560,18
560,4
560,13
560,10
560,5
560,7
560,14
560,12
560,2
560,9
560,20
560,16
560,6
561,19
561,15
561,12
561,5
561,18
561,16
561,3
561,21
561,9
561,11
561,17
561,14
562,18
562,9
562,10
562,8
562,2
562,3
562,20
562,19
562,13
562,4
562,17
562,21
562,15
562,1
562,16
562,11
562,12
562,14
563,17
563,20
563,12
563,16
563,19
563,4
563,15
563,3
563,1
563,10
563,5
563,11
563,8
563,7
563,2
564,9
564,10
564,21
564,7
564,13
564,20
564,1
564,17
565,17
565,18
565,8
565,6
565,9
565,11
565,14
565,21
565,10
565,4
565,5
565,3
566,20
566,3
566,15
566,2
566,18
566,5
566,14
566,12
566,11
566,17
566,1
566,7
566,13
566,21
566,9
566,19
566,4
566,6
567,5
567,13
567,18
568,15
568,6
568,10
568,2
568,17
568,8
568,16
568,18
568,13
568,11
569,15
569,2
569,16
569,5
569,19
569,4
569,9
569,10
569,8
569,18
569,13
569,6
570,10
570,3
570,16
570,6
570,7
570,21
570,11
570,20
570,9
570,12
570,14
570,1
570,18
570,4
570,15
571,4
571,20
571,6
572,12
572,18
572,9
572,14
572,2
572,10
572,15
572,19
572,17
572,3
572,7
572,6
573,21
573,4
573,12
573,14
573,2
573,11
573,13
573,8
574,14
574,2
574,10
574,8
574,3
574,4
574,1
574,5
574,6
574,15
574,20
574,12
574,9
574,7
574,13
575,16
575,20
575,4
575,3
575,13
575,9
575,6
575,15
575,5
575,19
575,12
575,1
575,10
575,7
575,21
575,11
575,2
575,17
576,9
576,20
576,19
576,2
576,17
576,1
576,18
576,10
576,11
576,13
576,3
576,7
577,16
577,1
577,15
577,4
577,7
577,21
577,2
577,13
577,5
577,3
577,8
577,19
578,17
578,4
578,14
578,7
578,12
578,8
578,21
578,20
578,6
578,15
578,16
578,2
579,19
579,14
579,21
579,7
579,2
579,13
579,1
579,8
579,4
579,17
580,3
580,6
580,8
580,19
580,1
580,18
580,11
580,17
580,2
580,9
581,12
581,13
581,4
581,7
581,16
581,18
581,17
581,11
581,3
581,20
581,5
581,10
582,17
582,21
582,10
582,8
582,4
582,9
582,1
582,14
582,12
582,18
582,13
582,20
582,16
582,3
582,19
582,15
582,7
582,5
583,7
583,19
583,21
583,17
583,8
583,14
583,5
583,16
583,12
583,1
583,3
583,11
583,9
583,20
583,6
584,11
584,17
584,5
584,10
584,7
584,20
584,19
584,15
584,2
584,12
584,16
584,6
585,14
585,21
585,15
586,10
586,20
586,18
586,4
586,7
586,6
587,11
587,6
587,20
588,17
588,16
588,8
588,13
588,6
588,1
588,12
588,5
588,3
589,1
589,4
589,17
589,16
589,3
589,19
589,18
589,20
590,21
590,12
590,7
591,14
591,10
591,18
591,3
591,6
591,9
591,1
591,12
592,12
592,9
592,10
592,15
592,4
592,1
592,2
592,6
592,18
593,6
593,17
593,21
593,19
593,1
593,11
593,4
593,7
593,18
593,13
594,5
594,3
594,10
594,20
594,8
594,16
594,19
594,4
594,2
594,6
594,15
594,13
594,1
594,17
594,14
595,14
595,2
595,18
595,19
595,13
595,15
595,1
595,20
595,4
595,3
595,16
595,6
595,7
595,5
595,10
595,9
595,8
595,12
596,5
596,14
596,10
596,7
596,4
596,12
596,6
596,11
596,9
596,21
596,18
596,16
597,9
597,18
597,10
597,13
597,19
597,5
597,4
597,6
597,16
597,1
597,11
597,15
598,18
598,15
598,19
598,1
598,3
598,12
598,6
598,11
598,13
598,5
598,14
598,10
598,21
598,16
598,9
598,17
598,7
598,20
599,17
599,12
599,5
599,16
599,9
599,11
599,21
599,3
599,1
599,4
599,2
599,7
599,15
599,19
599,10
600,11
600,10
600,2
600,15
600,8
600,12
601,11
601,13
601,10
601,19
601,16
601,17
601,18
601,5
601,12
601,6
601,7
601,9
602,9
602,1
602,10
602,12
602,6
602,5
602,14
602,15
603,12
603,9
603,15
604,21
604,15
604,13
604,2
605,14
605,3
605,6
605,2
605,8
605,19
605,16
605,11
605,4
605,12
605,17
605,18
605,21
605,1
605,5
606,7
606,13
606,17
606,20
606,21
606,2
607,12
607,19
607,11
607,10
607,17
607,6
607,16
607,7
607,5
607,15
608,1
608,17
608,7
608,15
608,10
608,13
608,3
608,21
608,6
608,9
608,5
608,14
608,19
608,20
608,18
608,12
608,4
608,16
609,6
609,2
609,16
609,1
609,11
609,19
609,10
609,13
609,17
609,15
609,3
609,5
610,9
610,7
610,18
610,1
610,21
610,13
610,20
610,5
610,16
610,2
611,9
611,15
611,17
611,4
611,2
611,19
611,16
611,6
611,3
611,18
611,11
611,10
612,20
612,3
612,9
612,21
612,1
612,14
612,15
612,16
613,11
613,1
613,9
613,16
613,12
613,18
613,8
613,10
613,6
614,9
614,7
614,13
615,12
615,19
615,7
615,4
615,9
615,20
615,14
615,21
615,18
615,8
616,14
616,6
616,3
616,9
616,18
616,11
616,13
617,1
617,10
617,8
617,12
617,18
617,16
617,17
617,15
617,5
617,19
617,9
617,6
618,12
618,3
618,7
618,18
618,16
618,10
618,19
618,9
618,17
618,14
618,11
618,15
618,1
618,8
618,21
619,1
619,6
619,21
619,20
619,4
619,5
619,2
619,15
619,10
619,3
619,16
619,18
619,14
619,17
619,13
619,19
619,12
619,9
620,17
620,19
620,11
620,20
621,8
621,5
621,14
621,9
621,1
621,16
621,4
621,13
621,10
621,11
621,20
621,7
621,12
621,6
621,2
622,9
622,8
622,18
622,4
622,15
622,11
622,16
622,12
622,7
622,6
622,13
622,1
623,2
623,16
623,15
623,5
623,13
623,20
623,18
623,4
623,8
623,14
623,7
623,1
623,9
623,19
623,10
623,12
623,21
623,3
624,15
624,11
624,17
624,20
624,9
624,13
624,14
624,5
625,18
625,6
625,16
625,2
625,11
625,7
625,1
625,13
625,15
625,8
625,14
625,9
625,5
625,20
625,19
625,4
625,12
625,17
626,18
626,15
626,12
627,9
627,3
627,20
627,1
627,11
627,10
628,6
628,4
628,12
628,10
629,4
629,2
629,8
629,5
629,20
630,12
630,3
630,5
630,1
630,7
631,13
631,20
631,9
631,2
631,5
631,18
631,12
631,16
632,16
632,7
632,18
632,6
632,12
632,8
633,11
633,15
633,9
633,16
634,9
634,18
634,20
634,15
634,4
634,3
634,19
634,11
635,17
635,12
635,11
635,3
635,16
635,10
636,10
636,7
636,19
636,2
636,16
636,20
636,15
636,18
636,6
636,21
636,3
636,5
636,14
636,12
636,13
637,10
637,20
637,21
637,9
637,6
637,12
637,7
637,5
637,3
637,18
637,17
637,8
637,19
637,2
637,15
637,4
637,16
637,14
638,16
638,7
638,12
638,15
638,11
638,20
638,21
638,6
638,10
638,3
638,19
638,4
639,6
639,12
639,2
639,16
639,10
639,5
639,21
639,8
639,19
639,1
639,9
639,4
639,17
639,13
639,20
639,7
639,18
639,3
640,9
640,7
640,10
640,6
640,14
640,16
640,4
640,1
640,21
640,19
640,18
640,11
640,17
640,20
640,12
641,16
641,15
641,19
641,10
641,3
641,13
641,5
641,12
641,21
641,6
641,2
641,17
642,18
642,9
642,14
643,11
643,15
644,1
644,9
644,20
644,13
645,4
645,19
645,5
645,13
646,12
646,18
646,20
646,16
646,10
646,15
646,7
646,3
646,19
646,1
646,2
646,4
646,21
646,6
646,14
647,8
647,2
647,15
647,20
647,10
647,18
647,19
647,7
647,5
647,12
647,17
647,21
647,1
647,16
647,14
647,3
647,9
647,4
648,7
648,2
648,13
648,18
648,8
648,5
648,16
648,4
648,20
648,17
648,12
648,6
649,12
649,15
649,1
649,21
649,18
649,3
649,8
649,19
650,3
650,4
650,6
650,12
650,21
650,16
650,17
650,1
650,15
650,7
651,15
651,5
651,12
651,10
651,20
651,8
651,9
651,21
652,13
652,4
652,9
653,3
653,8
653,4
653,17
653,15
653,10
653,18
653,11
653,9
654,2
654,3
654,20
654,7
654,5
654,17
654,12
655,7
655,20
655,2
655,13
655,12
655,11
655,5
655,21
656,3
656,17
656,20
656,18
656,6
656,7
656,2
656,15
656,13
656,11
656,21
656,12
657,20
657,8
657,6
657,17
657,5
658,21
658,10
658,5
658,4
658,8
658,9
658,6
658,11
658,2
658,20
658,7
658,16
658,18
658,3
658,19
659,7
659,19
659,13
659,20
659,16
659,6
659,11
659,10
659,2
659,21
659,4
659,15
659,14
659,12
659,8
659,18
659,1
659,3
660,5
660,10
660,12
660,13
660,3
660,20
661,11
661,5
661,21
661,4
661,9
661,7
661,19
661,14
661,20
661,1
661,8
661,18
661,12
661,13
661,17
662,17
662,19
662,11
662,4
662,9
662,21
662,16
662,20
663,4
663,20
663,14
663,9
663,3
663,11
663,15
663,13
663,12
664,13
664,21
664,16
664,20
664,19
664,10
664,18
664,5
664,11
664,2
665,8
665,4
665,13
665,20
665,19
665,18
665,11
665,3
665,21
665,1
665,14
665,6
665,17
665,12
665,15
665,7
665,16
665,10
666,1
666,5
666,13
666,8
666,10
666,2
666,20
666,18
666,3
666,14
666,16
666,17
666,21
666,4
666,19
666,15
666,11
667,15
667,7
667,10
667,21
667,13
667,16
667,6
667,14
667,1
667,20
667,9
667,4
667,2
667,17
667,12
667,19
667,11
667,8
667,18
668,18
668,10
668,1
668,12
668,15
668,16
668,11
668,3
668,14
668,7
668,9
668,4
668,5
668,13
668,8
668,20
669,12
669,11
669,10
669,6
669,18
669,16
669,4
669,5
669,1
669,20
669,9
669,13
669,19
669,8
670,12
670,3
670,4
671,7
671,14
671,8
671,20
671,11
671,6
671,21
671,16
671,2
671,3
671,5
671,13
672,3
672,20
672,6
672,19
672,21
672,16
672,4
672,7
673,17
673,2
673,1
674,10
674,20
674,16
674,4
674,18
674,6
674,9
674,2
674,21
675,3
675,9
675,14
675,8
675,20
675,21
676,15
676,3
676,17
676,11
676,7
676,8
676,19
676,1
676,21
677,19
677,2
677,17
677,5
677,13
677,15
677,16
677,20
677,18
677,11
677,7
677,21
677,12
677,8
677,9
677,1
677,10
677,4
678,14
678,13
678,21
678,4
678,15
678,17
678,11
678,8
678,20
679,18
679,17
679,6
679,10
679,16
679,2
679,4
679,13
680,13
680,12
681,10
681,13
681,21
681,15
681,19
681,3
681,7
681,1
681,18
681,2
681,8
681,12
682,6
682,5
682,18
682,2
682,11
682,1
682,3
682,12
683,6
683,5
683,1
683,8
683,15
683,16
683,20
683,4
683,2
683,3
683,17
683,19
683,10
683,9
683,12
684,16
684,3
684,17
684,8
684,14
684,1
684,7
684,15
684,21
684,19
684,2
684,6
685,8
685,15
685,19
685,13
685,6
685,1
686,17
686,9
686,14
686,1
686,12
686,6
686,10
686,20
687,14
687,10
687,8
687,3
688,14
688,12
688,19
688,10
688,2
688,11
688,3
688,18
688,16
688,4
688,5
688,7
689,10
689,5
689,13
689,6
689,12
689,20
690,1
690,19
690,8
691,14
691,15
691,11
691,3
691,12
691,6
691,18
691,5
692,20
692,13
692,15
692,17
692,2
692,8
692,9
692,21
692,1
693,1
693,6
693,5
693,10
693,7
693,8
693,16
693,21
693,2
693,12
693,19
693,14
693,20
693,3
694,9
694,1
694,7
694,5
694,20
694,15
694,14
695,3
695,1
695,20
696,9
696,5
696,17
696,18
696,20
696,14
696,8
696,6
697,18
697,15
697,14
697,12
697,21
697,9
697,2
697,11
697,6
697,8
697,16
697,13
697,1
697,3
697,4
697,19
697,7
697,17
698,2
698,6
698,17
698,4
698,16
698,13
698,1
698,20
698,15
698,19
698,7
698,5
698,9
698,14
698,21
699,18
699,13
699,1
699,8
699,7
699,5
699,6
699,10
699,15
699,16
699,19
699,20
700,11
700,8
700,9
700,12
700,21
700,17
700,19
700,1
700,16
700,20
701,18
701,7
701,6
701,1
701,9
701,2
701,21
701,13
702,17
702,4
702,21
702,6
702,11
702,14
702,10
702,7
702,13
702,8
702,12
702,3
702,1
702,5
702,9
702,2
702,18
702,20
703,9
703,18
703,6
703,20
703,3
703,11
703,2
703,13
703,1
704,3
704,13
704,18
704,16
705,8
705,4
705,18
705,7
705,6
705,11
706,11
706,14
706,10
706,6
706,15
706,5
706,8
706,19
706,21
706,2
707,18
707,16
707,14
707,20
707,15
707,1
707,7
707,12
707,21
707,8
707,17
707,2
708,21
708,5
708,1
709,17
709,15
709,16
709,9
709,3
709,5
709,21
709,6
710,11
710,8
710,9
710,16
710,6
710,15
710,14
710,12
710,13
710,3
711,6
711,2
711,4
711,11
711,7
711,20
711,1
711,15
711,17
711,10
712,1
712,21
712,16
712,17
712,3
712,6
712,5
712,4
712,15
712,9
712,10
712,14
712,7
712,8
712,11
713,1
713,14
713,10
713,18
713,15
714,17
714,12
714,11
715,11
715,1
715,21
715,2
715,16
715,4
715,3
715,15
716,7
716,11
716,2
716,13
716,10
716,8
716,14
716,18
716,15
716,5
716,1
716,4
717,15
717,6
717,14
717,2
717,3
717,9
717,1
717,4
717,11
718,11
718,19
718,7
718,8
718,13
718,4
718,2
718,17
718,5
718,6
718,12
719,16
719,1
719,21
719,15
720,6
720,4
720,1
720,18
720,14
720,11
721,14
721,20
721,10
721,7
721,9
721,18
721,15
721,16
721,1
721,11
721,5
721,13
722,12
722,16
722,18
722,6
722,8
722,14
722,13
722,3
722,19
722,2
722,7
722,10
722,20
722,4
723,5
723,21
723,7
723,19
723,4
723,3
723,1
723,6
724,12
724,19
724,3
724,15
724,20
724,6
724,4
724,1
724,5
724,13
724,18
724,17
724,10
724,9
724,21
724,2
725,6
725,21
725,4
725,2
725,9
725,10
725,20
725,11
725,17
726,16
726,5
726,3
726,21
726,10
726,11
726,9
726,17
726,14
726,2
727,13
727,2
727,14
727,3
727,10
727,8
727,20
727,1
727,16
727,9
727,18
727,15
727,7
727,17
727,6
727,5
727,12
727,19
728,15
728,20
728,4
728,17
728,1
728,18
728,19
728,7
728,21
728,16
728,11
729,12
729,1
729,20
730,10
730,15
730,7
730,21
730,6
730,4
730,19
730,18
730,13
730,3
730,11
730,8
730,1
730,9
730,17
731,11
731,17
731,8
732,10
732,9
732,19
732,4
732,2
732,3
732,5
732,20
732,7
732,6
732,8
732,11
732,16
732,17
732,15
733,14
733,1
733,18
733,13
733,20
734,5
734,17
735,1
735,5
735,11
735,18
735,15
735,13
735,9
735,16
735,8
735,17
735,20
735,6
736,2
736,6
736,20
736,10
736,19
737,21
737,2
737,1
737,19
737,14
737,10
737,20
737,9
737,13
737,6
737,12
737,11
737,8
737,17
737,15
738,1
738,2
738,8
738,9
738,11
738,18
738,15
738,13
739,3
739,6
739,17
739,20
739,5
740,9
740,7
740,19
740,17
740,10
740,11
740,15
740,18
740,8
740,4
741,3
741,13
741,9
741,18
741,20
741,14
741,12
741,2
741,19
741,17
741,7
741,11
742,3
742,20
742,14
742,13
742,21
742,6
742,16
742,15
742,12
742,2
742,10
742,9
742,7
742,8
742,5
742,19
742,17
742,4
743,5
743,10
743,13
743,8
743,9
743,16
743,7
743,15
744,20
744,2
744,1
744,9
744,7
744,16
744,21
744,11
744,8
745,3
745,7
745,8
745,20
745,11
745,1
745,6
745,10
745,15
745,4
745,18
745,16
745,5
745,12
745,13
746,13
746,8
746,12
746,20
746,1
746,6
746,5
746,21
746,17
746,9
747,5
747,1
747,20
747,11
747,16
747,2
747,10
747,19
747,6
747,8
747,14
747,17
748,9
748,11
748,20
748,3
748,1
748,12
748,13
748,7
748,18
748,17
748,8
748,4
748,10
748,6
748,2
748,16
748,14
748,5
749,14
749,21
749,5
749,13
749,2
750,20
750,7
750,21
750,14
750,16
750,17
750,19
750,2
750,1
750,12
750,9
750,6
750,15
750,4
750,3
751,4
751,8
751,21
752,14
752,16
752,4
752,21
752,6
752,17
752,11
752,1
752,3
752,12
752,7
752,5
752,19
752,2
752,18
753,18
753,4
753,3
753,7
753,5
753,2
753,20
753,16
753,9
753,21
754,14
754,1
754,2
754,10
754,6
754,16
754,21
754,9
754,17
754,15
754,19
754,13
755,21
755,17
755,9
755,10
755,1
755,6
755,13
755,7
756,20
756,15
756,17
756,11
756,13
756,12
757,3
757,1
757,13
757,18
757,10
758,21
758,2
758,14
758,10
758,5
758,3
758,1
758,12
758,16
758,19
758,17
758,15
758,20
758,9
758,13
758,11
758,18
758,4
759,1
759,15
759,2
759,3
759,11
759,10
759,18
759,16
759,12
759,4
759,19
759,5
760,18
760,7
761,10
761,12
761,14
761,21
761,16
762,20
762,19
762,10
762,14
762,9
762,7
762,15
762,2
762,17
762,3
762,13
762,5
763,15
763,10
763,19
763,17
763,4
764,6
764,19
764,8
764,14
764,9
764,1
764,3
764,5
764,20
764,18
764,7
764,12
764,15
764,10
764,17
765,17
765,11
765,5
766,14
766,5
767,4
767,18
767,1
767,9
767,21
767,2
767,7
767,20
767,14
767,5
768,11
768,5
768,8
768,17
768,3
769,2
769,7
769,14
769,17
769,10
769,19
769,20
769,9
770,14
770,10
770,7
770,18
771,13
771,12
771,19
771,6
771,5
771,8
771,10
771,17
771,4
771,11
771,1
771,18
772,12
772,17
772,20
773,7
773,13
773,4
773,12
773,17
773,11
773,16
773,10
773,5
773,1
773,2
773,18
773,20
773,8
773,3
774,17
774,15
774,5
774,9
774,19
774,13
774,6
774,7
775,14
775,6
776,2
776,12
776,20
776,1
776,11
777,5
777,4
777,9
777,16
777,19
777,12
777,1
777,17
777,11
777,6
778,5
778,4
778,11
778,16
779,13
779,14
779,16
779,9
779,21
779,20
779,18
779,3
779,2
779,10
779,19
779,5
779,4
779,7
779,17
779,1
779,8
779,11
780,20
780,6
780,8
780,15
780,10
780,7
780,17
780,14
780,2
780,3
780,4
780,11
781,13
781,7
781,16
781,6
781,4
782,11
782,18
782,3
782,5
782,17
782,4
782,13
782,9
782,1
782,16
782,2
782,15
783,21
783,16
784,21
785,18
785,19
785,16
785,7
785,1
785,6
785,12
785,20
785,11
785,17
786,16
786,8
786,1
786,14
786,3
786,21
786,7
786,6
787,1
787,2
787,16
787,4
787,18
787,11
788,9
788,21
788,10
788,16
788,4
788,18
788,7
788,19
788,14
788,8
788,11
788,2
788,20
788,1
788,6
789,7
789,15
789,6
789,13
789,14
789,17
789,16
789,12
789,19
789,8
789,10
789,11
790,15
790,19
790,14
790,9
790,5
791,20
791,11
791,14
791,16
791,18
791,17
791,7
791,13
792,3
792,5
792,11
792,17
792,10
792,18
792,2
792,1
792,6
793,4
793,7
793,20
793,14
793,16
793,13
793,8
793,11
793,10
793,5
794,21
794,18
794,2
794,4
794,9
794,12
794,8
794,20
794,7
794,16
794,3
794,15
794,1
794,19
794,6
794,5
794,17
794,10
795,1
795,2
795,7
795,16
795,4
795,8
795,5
795,21
795,19
795,11
795,15
795,20
795,13
795,9
795,10
796,19
796,5
796,20
796,4
796,21
796,15
797,3
797,10
797,21
797,6
797,1
797,14
797,16
797,15
797,12
797,19
797,8
797,17
798,15
798,17
798,5
798,19
798,11
798,21
798,3
798,14
799,16
799,10
799,4
799,20
799,3
799,11
799,6
799,19
799,21
799,2
800,20
800,13
800,12
800,3
800,11
800,4
800,2
800,7
800,10
800,14
800,5
800,21
801,10
801,14
801,13
801,9
801,7
801,4
801,8
801,2
802,17
802,14
802,5
802,10
802,7
802,4
802,12
802,18
802,1
802,9
802,3
802,20
802,21
802,16
802,15
802,2
802,13
802,19
803,11
803,13
803,21
803,1
803,8
803,9
803,5
803,15
803,3
803,14
803,4
803,17
803,19
803,7
803,18
804,11
804,16
804,8
804,3
804,6
804,4
804,14
804,5
804,12
804,15
804,7
804,2
804,17
804,21
804,1
804,20
804,10
804,13
805,9
805,5
805,8
805,15
805,20
805,18
805,11
805,6
805,12
805,2
805,1
805,13
805,10
805,21
805,19
805,3
805,17
805,14
806,5
806,20
806,8
806,13
806,7
806,12
806,9
806,1
806,18
806,10
806,16
806,15
806,11
806,3
806,2
806,19
806,14
806,6
807,14
807,2
807,3
807,17
807,6
807,9
807,5
807,1
807,16
807,15
807,18
807,13
807,21
807,11
807,4
807,7
807,19
807,12
808,16
808,14
808,10
808,9
808,15
808,3
808,11
808,18
808,8
808,21
808,1
808,7
808,4
808,20
808,12
808,5
808,17
808,6
809,13
809,18
809,19
809,6
810,18
810,16
810,8
811,18
811,4
811,1
811,16
811,17
811,14
811,21
811,13
811,6
811,7
811,5
811,20
811,19
811,11
811,12
812,13
812,5
812,2
813,17
813,1
813,5
813,18
813,15
813,6
813,9
813,20
814,9
814,10
814,2
814,14
814,18
814,13
814,21
814,11
815,21
815,18
815,3
815,11
815,4
815,15
815,8
815,17
815,2
815,13
815,1
815,20
815,9
815,7
815,10
816,1
816,9
816,21
816,15
816,20
816,8
816,3
816,5
816,18
816,4
816,11
816,19
816,10
816,6
816,17
817,7
817,3
817,5
817,9
817,19
817,12
817,4
817,8
817,13
817,18
817,10
817,15
817,20
817,2
817,6
818,18
818,3
818,1
818,13
818,16
818,8
818,6
818,4
818,10
818,7
818,20
818,19
818,2
818,14
818,21
819,3
819,5
819,11
819,18
819,10
820,5
820,17
820,1
820,8
820,15
820,10
820,9
820,21
820,16
820,13
820,7
820,20
820,18
820,12
820,19
821,6
821,14
821,15
821,7
821,8
821,1
821,17
821,13
821,2
821,4
821,19
821,10
822,13
822,19
822,10
822,9
822,2
822,15
822,3
822,18
822,16
822,4
822,17
822,1
822,5
822,7
822,20
822,12
822,11
822,14
823,11
823,10
823,20
824,2
824,14
824,17
824,20
824,7
824,15
824,19
824,8
825,8
825,17
825,12
825,18
825,1
825,14
825,4
825,9
825,19
825,7
825,2
825,16
825,13
825,15
825,6
826,11
826,5
826,17
826,19
826,8
826,2
826,10
826,13
826,3
826,14
826,4
826,18
827,17
827,2
827,5
827,12
827,11
827,14
827,20
827,13
827,1
827,4
828,11
828,13
828,2
828,14
828,19
828,17
828,18
828,9
828,3
828,20
828,15
828,12
828,5
828,21
828,7
828,8
828,6
828,10
829,14
829,6
829,1
829,21
829,13
829,19
829,16
829,9
829,5
829,10
829,17
829,4
830,20
830,14
830,18
830,10
830,9
830,3
830,21
830,8
830,19
830,2
830,7
830,11
830,13
830,15
830,4
831,19
831,9
831,20
831,17
831,4
831,7
831,6
831,18
831,14
831,8
831,11
831,16
832,18
832,5
832,16
832,11
832,17
832,7
832,1
832,9
833,16
833,12
833,18
